title,description,file_type,access_level,download_cost,candidate_path,category_hint,priority,size_mb
"김영일교육컨설팅 2026학년도 데이터로 읽는 수시 전형 책자(최종) (1)","현장 운영에 참고할 수 있는 교육 자료입니다.",pdf,bronze,0,"/Volumes/Untitled/업로드 후보_v2/기타/김영일교육컨설팅_2026학년도_데이터로_읽는_수시_전형_책자(최종)_(1).pdf",기타,3,190.46
"20220513 박윤수 소행성 편광","현장 운영에 참고할 수 있는 교육 자료입니다.",pptx,bronze,0,"/Volumes/Untitled/업로드 후보_v2/기타/20220513_박윤수_소행성_편광.pptx",기타,3,185.10
"CHA 미래교육협의체 학부모대상 프로그램-2부(260127) 인항고 허진석 선생님 20260128","현장 운영에 참고할 수 있는 교육 자료입니다.",pdf,bronze,0,"/Volumes/Untitled/업로드 후보_v2/기타/CHA_미래교육협의체_학부모대상_프로그램-2부(260127)_인항고_허진석_선생님_20260128.pdf",기타,3,137.52
"20220903-태양진동학-강수상","현장 운영에 참고할 수 있는 교육 자료입니다.",pptx,bronze,0,"/Volumes/Untitled/업로드 후보_v2/기타/20220903-태양진동학-강수상.pptx",기타,3,131.10
"2022 개정 교육과정 고등학교 과목 선택 안내서(2025.5.22.)","현장 운영에 참고할 수 있는 교육 자료입니다.",pdf,bronze,0,"/Volumes/Untitled/업로드 후보_v2/기타/2022_개정_교육과정_고등학교_과목_선택_안내서(2025.5.22.).pdf",기타,3,121.74
"20190809-소행성 류구-박윤수","현장 운영에 참고할 수 있는 교육 자료입니다.",pptx,bronze,0,"/Volumes/Untitled/업로드 후보_v2/기타/20190809-소행성_류구-박윤수.pptx",기타,3,120.58
"숲의 초록빛 약속 Google Gemini GEM Storybook 만들기(1) 20250820","현장 운영에 참고할 수 있는 교육 자료입니다.",pdf,bronze,0,"/Volumes/Untitled/업로드 후보_v2/기타/숲의_초록빛_약속_Google_Gemini_GEM_Storybook_만들기(1)_20250820.pdf",기타,3,103.79
"[역사]한눈에 펼쳐보는 역사","현장 운영에 참고할 수 있는 교육 자료입니다.",pdf,bronze,0,"/Volumes/Untitled/업로드 후보_v2/기타/[역사]한눈에_펼쳐보는_역사.pdf",기타,3,101.86
"초등음악 수업지원자료 본문(티솔용)","현장 운영에 참고할 수 있는 교육 자료입니다.",pdf,bronze,0,"/Volumes/Untitled/업로드 후보_v2/기타/초등음악_수업지원자료_본문(티솔용).pdf",기타,3,100.33
"초등체육 게임활동집-56학년(돈보 삭제)","현장 운영에 참고할 수 있는 교육 자료입니다.",pdf,bronze,0,"/Volumes/Untitled/업로드 후보_v2/기타/초등체육_게임활동집-56학년(돈보_삭제).pdf",기타,3,93.29
"2026학년도 광주광역시 직업계 고등학교 입학전형 기본 계획 설명회","현장 운영에 참고할 수 있는 교육 자료입니다.",pdf,bronze,0,"/Volumes/Untitled/업로드 후보_v2/기타/2026학년도_광주광역시_직업계_고등학교_입학전형_기본_계획_설명회.pdf",기타,3,93.28
"학부모님 편지 응원전","현장 운영에 참고할 수 있는 교육 자료입니다.",pptx,bronze,0,"/Volumes/Untitled/업로드 후보_v2/기타/학부모님_편지_응원전.pptx",기타,3,88.30
"20210917 박윤수 소행성 Phaethon","현장 운영에 참고할 수 있는 교육 자료입니다.",pptx,bronze,0,"/Volumes/Untitled/업로드 후보_v2/기타/20210917_박윤수_소행성_Phaethon.pptx",기타,3,74.47
"2026학년도 대입전형의 이해와 대비(대교협)","현장 운영에 참고할 수 있는 교육 자료입니다.",pptx,bronze,0,"/Volumes/Untitled/업로드 후보_v2/기타/2026학년도_대입전형의_이해와_대비(대교협).pptx",기타,3,69.82
"초등 깊이있는 수업이야기 다함께 나누다 8월호","현장 운영에 참고할 수 있는 교육 자료입니다.",pdf,bronze,0,"/Volumes/Untitled/업로드 후보_v2/기타/초등_깊이있는_수업이야기_다함께_나누다_8월호.pdf",기타,3,67.98
"2-1.꿈을 디자인하는 진로·진학·직업 로드맵 (중학교) 인천광역시교육청","현장 운영에 참고할 수 있는 교육 자료입니다.",pdf,bronze,0,"/Volumes/Untitled/업로드 후보_v2/기타/2-1.꿈을_디자인하는_진로·진학·직업_로드맵_(중학교)_인천광역시교육청.pdf",기타,3,65.70
"초등실과 특화자료 최종","현장 운영에 참고할 수 있는 교육 자료입니다.",pdf,bronze,0,"/Volumes/Untitled/업로드 후보_v2/기타/초등실과_특화자료_최종.pdf",기타,3,65.70
"20240914 중력파 사냥꾼과 은하 금광의 비밀 백승학","현장 운영에 참고할 수 있는 교육 자료입니다.",pdf,bronze,0,"/Volumes/Untitled/업로드 후보_v2/기타/20240914_중력파_사냥꾼과_은하_금광의_비밀_백승학.pdf",기타,3,63.09
"★(초등학교)+2022+개정+교육과정+범교과+주제+적용+안내자료","현장 운영에 참고할 수 있는 교육 자료입니다.",hwp,bronze,0,"/Volumes/Untitled/업로드 후보_v2/기타/★(초등학교)+2022+개정+교육과정+범교과+주제+적용+안내자료.hwp",기타,3,60.38
"2. [교사용] 고교학점제 워크북 교사용 가이드","현장 운영에 참고할 수 있는 교육 자료입니다.",pdf,bronze,0,"/Volumes/Untitled/업로드 후보_v2/기타/2._[교사용]_고교학점제_워크북_교사용_가이드.pdf",기타,3,58.45
"초등사회 브로마이드 3종 (590880) OK","현장 운영에 참고할 수 있는 교육 자료입니다.",pdf,bronze,0,"/Volumes/Untitled/업로드 후보_v2/기타/초등사회_브로마이드_3종_(590880)_OK.pdf",기타,3,57.04
"고등학생을 위한 진로연계교육(수능전) 서울특별시교육청","현장 운영에 참고할 수 있는 교육 자료입니다.",pdf,bronze,0,"/Volumes/Untitled/업로드 후보_v2/기타/고등학생을_위한_진로연계교육(수능전)_서울특별시교육청.pdf",기타,3,54.70
"250428 CIBM 케이스모킬러 리플렛 수정","현장 운영에 참고할 수 있는 교육 자료입니다.",pdf,bronze,0,"/Volumes/Untitled/업로드 후보_v2/기타/250428_CIBM_케이스모킬러_리플렛_수정.pdf",기타,3,53.78
"2026 수시 대학별 입학설명회 한양경희동국서강","현장 운영에 참고할 수 있는 교육 자료입니다.",pdf,bronze,0,"/Volumes/Untitled/업로드 후보_v2/기타/2026_수시_대학별_입학설명회_한양경희동국서강.pdf",기타,3,49.31
"[모두의 진로] 교사용 매뉴얼 중학교","현장 운영에 참고할 수 있는 교육 자료입니다.",pdf,bronze,0,"/Volumes/Untitled/업로드 후보_v2/기타/[모두의_진로]_교사용_매뉴얼_중학교.pdf",기타,3,48.67
"학교생활기록부 작성을 위한 최종 체크리스트- 별가람고 전소영","현장 운영에 참고할 수 있는 교육 자료입니다.",pdf,bronze,0,"/Volumes/Untitled/업로드 후보_v2/기타/학교생활기록부_작성을_위한_최종_체크리스트-_별가람고_전소영.pdf",기타,3,48.15
"1. [학생용] 고교학점제 워크북","현장 운영에 참고할 수 있는 교육 자료입니다.",pdf,bronze,0,"/Volumes/Untitled/업로드 후보_v2/기타/1._[학생용]_고교학점제_워크북.pdf",기타,3,47.97
"2024학년도 중1~3학년 학부모 대상 고교학점제 설명회 강의자료","현장 운영에 참고할 수 있는 교육 자료입니다.",pdf,bronze,0,"/Volumes/Untitled/업로드 후보_v2/기타/2024학년도_중1~3학년_학부모_대상_고교학점제_설명회_강의자료.pdf",기타,3,46.62
"행복한교육 2025년 가을호(낱장)","현장 운영에 참고할 수 있는 교육 자료입니다.",pdf,bronze,0,"/Volumes/Untitled/업로드 후보_v2/기타/행복한교육_2025년_가을호(낱장).pdf",기타,3,46.56
"수 감각 활동지","현장 운영에 참고할 수 있는 교육 자료입니다.",pdf,bronze,0,"/Volumes/Untitled/업로드 후보_v2/기타/수_감각_활동지.pdf",기타,3,43.59
"2026학년도 광주광역시 고등학교 입학전형 기본계획 설명회(학부모 대상)","현장 운영에 참고할 수 있는 교육 자료입니다.",pdf,bronze,0,"/Volumes/Untitled/업로드 후보_v2/기타/2026학년도_광주광역시_고등학교_입학전형_기본계획_설명회(학부모_대상).pdf",기타,3,40.60
"읽기+유창성과+독해력+향상을+위한+읽기+검사지(KICE+Reading+Inventory) (1)","현장 운영에 참고할 수 있는 교육 자료입니다.",pdf,bronze,0,"/Volumes/Untitled/업로드 후보_v2/기타/읽기+유창성과+독해력+향상을+위한+읽기+검사지(KICE+Reading+Inventory)_(1).pdf",기타,3,38.67
"읽기+유창성과+독해력+향상을+위한+읽기+검사지(KICE+Reading+Inventory)","현장 운영에 참고할 수 있는 교육 자료입니다.",pdf,bronze,0,"/Volumes/Untitled/업로드 후보_v2/기타/읽기+유창성과+독해력+향상을+위한+읽기+검사지(KICE+Reading+Inventory).pdf",기타,3,38.67
"[모두의 진로] 학생용 워크북 중학교 수정본","현장 운영에 참고할 수 있는 교육 자료입니다.",pdf,bronze,0,"/Volumes/Untitled/업로드 후보_v2/기타/[모두의_진로]_학생용_워크북_중학교_수정본.pdf",기타,3,36.22
"★(중학교)+2022+개정+교육과정+범교과+주제+적용+안내자료","현장 운영에 참고할 수 있는 교육 자료입니다.",hwp,bronze,0,"/Volumes/Untitled/업로드 후보_v2/기타/★(중학교)+2022+개정+교육과정+범교과+주제+적용+안내자료.hwp",기타,3,33.60
"사서와 함께 행복한 책읽기 2025년 가을호 경기도교육청도서관","현장 운영에 참고할 수 있는 교육 자료입니다.",pdf,bronze,0,"/Volumes/Untitled/업로드 후보_v2/기타/사서와_함께_행복한_책읽기_2025년_가을호_경기도교육청도서관.pdf",기타,3,31.49
"3. [교사용] 고교학점제 워크북 수업연계활동자료","현장 운영에 참고할 수 있는 교육 자료입니다.",pdf,bronze,0,"/Volumes/Untitled/업로드 후보_v2/기타/3._[교사용]_고교학점제_워크북_수업연계활동자료.pdf",기타,3,31.42
"2025학년도 2022 개정 교육과정 선택 과목 안내서 보조자료(PPT)","현장 운영에 참고할 수 있는 교육 자료입니다.",pptx,bronze,0,"/Volumes/Untitled/업로드 후보_v2/기타/2025학년도_2022_개정_교육과정_선택_과목_안내서_보조자료(PPT).pptx",기타,3,31.17
"허재성대표님 강의 2주차","현장 운영에 참고할 수 있는 교육 자료입니다.",pdf,bronze,0,"/Volumes/Untitled/업로드 후보_v2/기타/허재성대표님_강의_2주차.pdf",기타,3,28.47
"[경상북도교육쳥] 중학교 경제교육 학습자료(2022)","현장 운영에 참고할 수 있는 교육 자료입니다.",pdf,bronze,0,"/Volumes/Untitled/업로드 후보_v2/기타/[경상북도교육쳥]_중학교_경제교육_학습자료(2022).pdf",기타,3,28.11
"한국학원대 - 기적의 암기법 강의자료","현장 운영에 참고할 수 있는 교육 자료입니다.",pdf,bronze,0,"/Volumes/Untitled/업로드 후보_v2/기타/한국학원대_-_기적의_암기법_강의자료.pdf",기타,3,26.39
"2026 수시 대학별 입학설명회 이화성균중앙건국","현장 운영에 참고할 수 있는 교육 자료입니다.",pdf,bronze,0,"/Volumes/Untitled/업로드 후보_v2/기타/2026_수시_대학별_입학설명회_이화성균중앙건국.pdf",기타,3,25.85
"초등학교 학부모 수학 가이드북(1학년1학기) (2)","현장 운영에 참고할 수 있는 교육 자료입니다.",pdf,bronze,0,"/Volumes/Untitled/업로드 후보_v2/기타/초등학교_학부모_수학_가이드북(1학년1학기)_(2).pdf",기타,3,25.79
"런던 베이글 뮤지엄 시장 분석 및 미래 전략 by Felo Agent Report to PPT 20250818","현장 운영에 참고할 수 있는 교육 자료입니다.",pptx,bronze,0,"/Volumes/Untitled/업로드 후보_v2/기타/런던_베이글_뮤지엄_시장_분석_및_미래_전략_by_Felo_Agent_Report_to_PPT_20250818.pptx",기타,3,25.78
"★(고등학교)+2022+개정+교육과정+범교과+주제+적용+안내자료","현장 운영에 참고할 수 있는 교육 자료입니다.",hwp,bronze,0,"/Volumes/Untitled/업로드 후보_v2/기타/★(고등학교)+2022+개정+교육과정+범교과+주제+적용+안내자료.hwp",기타,3,25.34
"01. 2022 연수자료 창의적 체험활동 초중 공통","현장 운영에 참고할 수 있는 교육 자료입니다.",pptx,bronze,0,"/Volumes/Untitled/업로드 후보_v2/기타/01._2022_연수자료_창의적_체험활동_초중_공통.pptx",기타,3,25.29
"초등학교 학부모 수학 가이드북(4학년1학기) (2)","현장 운영에 참고할 수 있는 교육 자료입니다.",pdf,bronze,0,"/Volumes/Untitled/업로드 후보_v2/기타/초등학교_학부모_수학_가이드북(4학년1학기)_(2).pdf",기타,3,25.00
"(이투스) 고3 2026학년도 9월모평 상위누적(실채점) 밴드용","현장 운영에 참고할 수 있는 교육 자료입니다.",xlsx,bronze,0,"/Volumes/Untitled/업로드 후보_v2/기타/(이투스)_고3_2026학년도_9월모평_상위누적(실채점)_밴드용.xls",기타,3,24.98
"초등학교 학부모 수학 가이드북(4학년2학기) (2)","현장 운영에 참고할 수 있는 교육 자료입니다.",pdf,bronze,0,"/Volumes/Untitled/업로드 후보_v2/기타/초등학교_학부모_수학_가이드북(4학년2학기)_(2).pdf",기타,3,24.19
"2026자연계열 자연계열 제시문 면접준비","현장 운영에 참고할 수 있는 교육 자료입니다.",pdf,bronze,0,"/Volumes/Untitled/업로드 후보_v2/기타/2026자연계열_자연계열_제시문_면접준비.pdf",기타,3,23.93
"2025학년 전남교육청 면접자료 정리해DREAM","현장 운영에 참고할 수 있는 교육 자료입니다.",pdf,bronze,0,"/Volumes/Untitled/업로드 후보_v2/기타/2025학년_전남교육청_면접자료_정리해DREAM.pdf",기타,3,23.21
"IB교육의 이해","현장 운영에 참고할 수 있는 교육 자료입니다.",pptx,bronze,0,"/Volumes/Untitled/업로드 후보_v2/기타/IB교육의_이해.pptx",기타,3,23.06
"초등미술 3학년 교과서활동지모음집(최종) - 웹용","현장 운영에 참고할 수 있는 교육 자료입니다.",pdf,bronze,0,"/Volumes/Untitled/업로드 후보_v2/기타/초등미술_3학년_교과서활동지모음집(최종)_-_웹용.pdf",기타,3,23.06
"시장상황분석 정의와 실제 활용 전략 by felo AI slide 2025004","현장 운영에 참고할 수 있는 교육 자료입니다.",pdf,bronze,0,"/Volumes/Untitled/업로드 후보_v2/기타/시장상황분석_정의와_실제_활용_전략_by_felo_AI_slide_2025004.pdf",기타,3,22.76
"2026 고입 파노라마(인천광역시교육청)","현장 운영에 참고할 수 있는 교육 자료입니다.",pdf,bronze,0,"/Volumes/Untitled/업로드 후보_v2/기타/2026_고입_파노라마(인천광역시교육청).pdf",기타,3,21.54
"초등학교 학부모 수학 가이드북(2학년1학기) (2)","현장 운영에 참고할 수 있는 교육 자료입니다.",pdf,bronze,0,"/Volumes/Untitled/업로드 후보_v2/기타/초등학교_학부모_수학_가이드북(2학년1학기)_(2).pdf",기타,3,21.03
"전 세계 위인들이 인정한 역사상 최고의 천재 by 범준에 물리다 with 수학자 김상현 교수 from Youtube to NotebookLM Slide 20250531","현장 운영에 참고할 수 있는 교육 자료입니다.",pdf,bronze,0,"/Volumes/Untitled/업로드 후보_v2/기타/전_세계_위인들이_인정한_역사상_최고의_천재_by_범준에_물리다_with_수학자_김상현_교수_from_Youtube_to_NotebookLM_Slide_20250531.pdf",기타,3,20.91
"2025 중등 교과별 논술형 평가 문항(과학)","현장 운영에 참고할 수 있는 교육 자료입니다.",pdf,bronze,0,"/Volumes/Untitled/업로드 후보_v2/기타/2025_중등_교과별_논술형_평가_문항(과학).pdf",기타,3,20.75
"초등학교 학부모 수학 가이드북(3학년1학기) (2)","현장 운영에 참고할 수 있는 교육 자료입니다.",pdf,bronze,0,"/Volumes/Untitled/업로드 후보_v2/기타/초등학교_학부모_수학_가이드북(3학년1학기)_(2).pdf",기타,3,20.64
"초등학교 학부모 수학 가이드북(2학년2학기) (2)","현장 운영에 참고할 수 있는 교육 자료입니다.",pdf,bronze,0,"/Volumes/Untitled/업로드 후보_v2/기타/초등학교_학부모_수학_가이드북(2학년2학기)_(2).pdf",기타,3,20.41
"초등학교 학부모 수학 가이드북(3학년2학기) (2)","현장 운영에 참고할 수 있는 교육 자료입니다.",pdf,bronze,0,"/Volumes/Untitled/업로드 후보_v2/기타/초등학교_학부모_수학_가이드북(3학년2학기)_(2).pdf",기타,3,20.35
"9월 배치참고표(실채점) I 고속성장","현장 운영에 참고할 수 있는 교육 자료입니다.",xlsx,bronze,0,"/Volumes/Untitled/업로드 후보_v2/기타/9월_배치참고표(실채점)_I_고속성장.xlsx",기타,3,19.75
"초등학교 학부모 수학 가이드북(1학년2학기) (2)","현장 운영에 참고할 수 있는 교육 자료입니다.",pdf,bronze,0,"/Volumes/Untitled/업로드 후보_v2/기타/초등학교_학부모_수학_가이드북(1학년2학기)_(2).pdf",기타,3,19.74
"김영일교육컨설팅 2026 수시배치표(자연1면)","현장 운영에 참고할 수 있는 교육 자료입니다.",pdf,bronze,0,"/Volumes/Untitled/업로드 후보_v2/기타/김영일교육컨설팅_2026_수시배치표(자연1면).pdf",기타,3,19.71
"과학탐구(통합과학) 영역 문항 자료집(경기도교육청)","현장 운영에 참고할 수 있는 교육 자료입니다.",pdf,bronze,0,"/Volumes/Untitled/업로드 후보_v2/기타/과학탐구(통합과학)_영역_문항_자료집(경기도교육청).pdf",기타,3,19.67
"나와 함께 준비하는 중학생활(수정본)","현장 운영에 참고할 수 있는 교육 자료입니다.",pdf,bronze,0,"/Volumes/Untitled/업로드 후보_v2/기타/나와_함께_준비하는_중학생활(수정본).pdf",기타,3,19.64
"내신 대비 이대로만 따라하자!!","현장 운영에 참고할 수 있는 교육 자료입니다.",pdf,bronze,0,"/Volumes/Untitled/업로드 후보_v2/기타/내신_대비_이대로만_따라하자!!.pdf",기타,3,19.52
"최신 IT현업자 연봉현황 맥비기획톡방 2022-24년 설문결과분석","현장 운영에 참고할 수 있는 교육 자료입니다.",pdf,bronze,0,"/Volumes/Untitled/업로드 후보_v2/기타/최신_IT현업자_연봉현황_맥비기획톡방_2022-24년_설문결과분석.pdf",기타,3,19.34
"2022개정 고등학교 과목선택 안내자료(충남교육청)","현장 운영에 참고할 수 있는 교육 자료입니다.",pdf,bronze,0,"/Volumes/Untitled/업로드 후보_v2/기타/2022개정_고등학교_과목선택_안내자료(충남교육청).pdf",기타,3,19.22
"2025 미리 보는 중학교 생활 「중학교 가는 길」 경상북도교육청","현장 운영에 참고할 수 있는 교육 자료입니다.",pdf,bronze,0,"/Volumes/Untitled/업로드 후보_v2/기타/2025_미리_보는_중학교_생활_「중학교_가는_길」_경상북도교육청.pdf",기타,3,19.16
"2025 미리 보는 중학교 생활 「중학교 가는 길」","현장 운영에 참고할 수 있는 교육 자료입니다.",pdf,bronze,0,"/Volumes/Untitled/업로드 후보_v2/기타/2025_미리_보는_중학교_생활_「중학교_가는_길」.pdf",기타,3,19.15
"(PPT 파일)고교학점제 도입으로 달라지는 고등학교 생활","현장 운영에 참고할 수 있는 교육 자료입니다.",pptx,bronze,0,"/Volumes/Untitled/업로드 후보_v2/기타/(PPT_파일)고교학점제_도입으로_달라지는_고등학교_생활.pptx",기타,3,19.06
"202506고속성장분석기(가채점)20250605","현장 운영에 참고할 수 있는 교육 자료입니다.",xlsx,bronze,0,"/Volumes/Untitled/업로드 후보_v2/기타/202506고속성장분석기(가채점)20250605.xlsx",기타,3,19.06
"2025 중등 교과별 논술형 평가 문항(사회)","현장 운영에 참고할 수 있는 교육 자료입니다.",pdf,bronze,0,"/Volumes/Untitled/업로드 후보_v2/기타/2025_중등_교과별_논술형_평가_문항(사회).pdf",기타,3,18.88
"시교육청 중등교육과-2025 고교학점제 학부모 연수 자료집 인천광역시교육청 고교학점제 지원센터","현장 운영에 참고할 수 있는 교육 자료입니다.",pdf,bronze,0,"/Volumes/Untitled/업로드 후보_v2/기타/시교육청_중등교육과-2025_고교학점제_학부모_연수_자료집_인천광역시교육청_고교학점제_지원센터.pdf",기타,3,18.21
"학교생활기록부기재전략 발표 손선열대입지원관(게재용)","현장 운영에 참고할 수 있는 교육 자료입니다.",pptx,bronze,0,"/Volumes/Untitled/업로드 후보_v2/기타/학교생활기록부기재전략_발표_손선열대입지원관(게재용).pptx",기타,3,18.15
"2024학년도 중1~3학년 학부모 대상 고교학점제 설명회 강의자료","현장 운영에 참고할 수 있는 교육 자료입니다.",pptx,bronze,0,"/Volumes/Untitled/업로드 후보_v2/기타/2024학년도_중1~3학년_학부모_대상_고교학점제_설명회_강의자료.pptx",기타,3,18.06
"(이투스에듀) 2026 대비 경쟁률검색기 ver2","현장 운영에 참고할 수 있는 교육 자료입니다.",xlsx,bronze,0,"/Volumes/Untitled/업로드 후보_v2/기타/(이투스에듀)_2026_대비_경쟁률검색기_ver2.xlsb",기타,3,18.00
"돈과 국가 신뢰의 200년","현장 운영에 참고할 수 있는 교육 자료입니다.",pdf,bronze,0,"/Volumes/Untitled/업로드 후보_v2/기타/돈과_국가_신뢰의_200년.pdf",기타,3,17.36
"2026년 학교는 이렇게 바뀝니다 교육부 주요 정책 총정리 by 별의별 교육연구소 from Youtube to NotebookLM Slide 20260208","현장 운영에 참고할 수 있는 교육 자료입니다.",pdf,bronze,0,"/Volumes/Untitled/업로드 후보_v2/기타/2026년_학교는_이렇게_바뀝니다_교육부_주요_정책_총정리_by_별의별_교육연구소_from_Youtube_to_NotebookLM_Slide_20260208.pdf",기타,3,17.28
"오대교대표님강연회& 겨울학기 설명회 기획","현장 운영에 참고할 수 있는 교육 자료입니다.",hwp,bronze,0,"/Volumes/Untitled/업로드 후보_v2/기타/오대교대표님강연회&_겨울학기_설명회_기획.hwp",기타,3,17.25
"2026음악대학입시의이해","현장 운영에 참고할 수 있는 교육 자료입니다.",pdf,bronze,0,"/Volumes/Untitled/업로드 후보_v2/기타/2026음악대학입시의이해.pdf",기타,3,17.18
"2025학년도 울산교육청 대입 수시 면접후기 자료집","현장 운영에 참고할 수 있는 교육 자료입니다.",pdf,bronze,0,"/Volumes/Untitled/업로드 후보_v2/기타/2025학년도_울산교육청_대입_수시_면접후기_자료집.pdf",기타,3,17.02
"WTP Education 토론 주제 모음 매우 유용","현장 운영에 참고할 수 있는 교육 자료입니다.",docx,bronze,0,"/Volumes/Untitled/업로드 후보_v2/기타/WTP_Education_토론_주제_모음_매우_유용.docx",기타,3,16.92
"2028학년도 대학입학전형기본사항 한국대학교육협의회 by Google NotebookLM Slide 요약 20251205 작업","현장 운영에 참고할 수 있는 교육 자료입니다.",pdf,bronze,0,"/Volumes/Untitled/업로드 후보_v2/기타/2028학년도_대학입학전형기본사항_한국대학교육협의회_by_Google_NotebookLM_Slide_요약_20251205_작업.pdf",기타,3,16.34
"[이투스 교육평가연구소] 학부모입시교실 자료집 24년 개정판(배포용) 20250310","현장 운영에 참고할 수 있는 교육 자료입니다.",pdf,bronze,0,"/Volumes/Untitled/업로드 후보_v2/기타/[이투스_교육평가연구소]_학부모입시교실_자료집_24년_개정판(배포용)_20250310.pdf",기타,3,15.73
"목숨이 걸린 상황에서 내가 살 수 있는 방법은 물리학 VS 수학 by 범준에 물리다 with 수학자 김상현 교수 from Youtube to NotebookLM Slide 20250524","현장 운영에 참고할 수 있는 교육 자료입니다.",pdf,bronze,0,"/Volumes/Untitled/업로드 후보_v2/기타/목숨이_걸린_상황에서_내가_살_수_있는_방법은_물리학_VS_수학_by_범준에_물리다_with_수학자_김상현_교수_from_Youtube_to_NotebookLM_Slide_20250524.pdf",기타,3,15.64
"대입 정보 매거진 2025년 12월호 vol135","현장 운영에 참고할 수 있는 교육 자료입니다.",pdf,bronze,0,"/Volumes/Untitled/업로드 후보_v2/기타/대입_정보_매거진_2025년_12월호_vol135.pdf",기타,3,15.52
"글쓰기 지도법","현장 운영에 참고할 수 있는 교육 자료입니다.",pptx,bronze,0,"/Volumes/Untitled/업로드 후보_v2/기타/글쓰기_지도법.pptx",기타,3,15.35
"쎈(SEN)진학 2025학년도 고1 2학년 진학지도 자료집 서울특별시교육청교육연구정보원","현장 운영에 참고할 수 있는 교육 자료입니다.",pdf,bronze,0,"/Volumes/Untitled/업로드 후보_v2/기타/쎈(SEN)진학_2025학년도_고1_2학년_진학지도_자료집_서울특별시교육청교육연구정보원.pdf",기타,3,15.23
"선배들이 말하는 나의 학종 성공법","현장 운영에 참고할 수 있는 교육 자료입니다.",pdf,bronze,0,"/Volumes/Untitled/업로드 후보_v2/기타/선배들이_말하는_나의_학종_성공법.pdf",기타,3,15.22
"250121 조간 (보도) 인공지능 융합이 강조된 2025년 바이오 미래유망기술 발표","현장 운영에 참고할 수 있는 교육 자료입니다.",hwp,bronze,0,"/Volumes/Untitled/업로드 후보_v2/기타/250121_조간_(보도)_인공지능_융합이_강조된_2025년_바이오_미래유망기술_발표.hwpx",기타,3,15.01
"쎈(SEN)진학 2025학년도 고1 2학년 진학지도 자료집","현장 운영에 참고할 수 있는 교육 자료입니다.",pdf,bronze,0,"/Volumes/Untitled/업로드 후보_v2/기타/쎈(SEN)진학_2025학년도_고1_2학년_진학지도_자료집.pdf",기타,3,14.97
"[특강] 필수현대시95선-기초속성 각론","현장 운영에 참고할 수 있는 교육 자료입니다.",hwp,bronze,0,"/Volumes/Untitled/업로드 후보_v2/기타/[특강]_필수현대시95선-기초속성_각론.hwp",기타,3,14.65
"AI튜터 학원매뉴얼","현장 운영에 참고할 수 있는 교육 자료입니다.",pdf,bronze,0,"/Volumes/Untitled/업로드 후보_v2/기타/AI튜터_학원매뉴얼.pdf",기타,3,14.64
"2022 개정 교육과정 통합과학과 빌 브라이슨 '거의 모든 것의 역사 융합' 혁신 by Google NotebookLM Slide 자료 3가지 관점","현장 운영에 참고할 수 있는 교육 자료입니다.",pdf,bronze,0,"/Volumes/Untitled/업로드 후보_v2/기타/2022_개정_교육과정_통합과학과_빌_브라이슨_'거의_모든_것의_역사_융합'_혁신_by_Google_NotebookLM_Slide_자료_3가지_관점.pdf",기타,3,14.44
"서울대학교 환경에너지연구실 구성원 저서 및 추천 도서 from Webpage to Gamma 20250302","현장 운영에 참고할 수 있는 교육 자료입니다.",pdf,bronze,0,"/Volumes/Untitled/업로드 후보_v2/기타/서울대학교_환경에너지연구실_구성원_저서_및_추천_도서_from_Webpage_to_Gamma_20250302.pdf",기타,3,14.21
"이중 진자 운동과 홈런 타자 스윙의 상관 관계 분석 by NotebookLM Slide","현장 운영에 참고할 수 있는 교육 자료입니다.",pdf,bronze,0,"/Volumes/Untitled/업로드 후보_v2/기타/이중_진자_운동과_홈런_타자_스윙의_상관_관계_분석_by_NotebookLM_Slide.pdf",기타,3,14.05
"1. 2026 주요 대학 수시모집전형 분석 및 지원 전략(2025.7.11)-전남교육청(제출용)","현장 운영에 참고할 수 있는 교육 자료입니다.",pdf,bronze,0,"/Volumes/Untitled/업로드 후보_v2/기타/1._2026_주요_대학_수시모집전형_분석_및_지원_전략(2025.7.11)-전남교육청(제출용).pdf",기타,3,13.80
"초등미술 4학년 교과서활동지모음집(최종) - 웹용","현장 운영에 참고할 수 있는 교육 자료입니다.",pdf,bronze,0,"/Volumes/Untitled/업로드 후보_v2/기타/초등미술_4학년_교과서활동지모음집(최종)_-_웹용.pdf",기타,3,13.79
"2025 학생부 기재요령 교과학습발달상황(1학년)","현장 운영에 참고할 수 있는 교육 자료입니다.",pdf,bronze,0,"/Volumes/Untitled/업로드 후보_v2/기타/2025_학생부_기재요령_교과학습발달상황(1학년).pdf",기타,3,13.76
"1 v0721 바이오리포트 신약개발 최종","현장 운영에 참고할 수 있는 교육 자료입니다.",pdf,bronze,0,"/Volumes/Untitled/업로드 후보_v2/기타/1_v0721_바이오리포트_신약개발_최종.pdf",기타,3,13.71
"(이투스) 고3 2026학년도 9월 상위누적(가채점) 밴드용","현장 운영에 참고할 수 있는 교육 자료입니다.",xlsx,bronze,0,"/Volumes/Untitled/업로드 후보_v2/기타/(이투스)_고3_2026학년도_9월_상위누적(가채점)_밴드용.xls",기타,3,13.57
"(이투스) 고3 2026학년도 9월 상위누적(가채점) 밴드용 20250904","현장 운영에 참고할 수 있는 교육 자료입니다.",xlsx,bronze,0,"/Volumes/Untitled/업로드 후보_v2/기타/(이투스)_고3_2026학년도_9월_상위누적(가채점)_밴드용_20250904.xls",기타,3,13.56
"자율전공선발학생의 전공선택과 진로","현장 운영에 참고할 수 있는 교육 자료입니다.",pdf,bronze,0,"/Volumes/Untitled/업로드 후보_v2/기타/자율전공선발학생의_전공선택과_진로.pdf",기타,3,13.53
"2028 대입 지방고 필승 전략 블루프린트 from Google Gemini Deep Research to NotebookLM Slide 20251209","현장 운영에 참고할 수 있는 교육 자료입니다.",pdf,bronze,0,"/Volumes/Untitled/업로드 후보_v2/기타/2028_대입_지방고_필승_전략_블루프린트_from_Google_Gemini_Deep_Research_to_NotebookLM_Slide_20251209.pdf",기타,3,13.08
"생성형AI를 활용한 인사관리 4","현장 운영에 참고할 수 있는 교육 자료입니다.",pdf,bronze,0,"/Volumes/Untitled/업로드 후보_v2/기타/생성형AI를_활용한_인사관리_4.pdf",기타,3,13.06
"(고등학교) 창체로 여는 길","현장 운영에 참고할 수 있는 교육 자료입니다.",pdf,bronze,0,"/Volumes/Untitled/업로드 후보_v2/기타/(고등학교)_창체로_여는_길.pdf",기타,3,12.98
"대입정보매거진 vol.134 2025년 10월 대교협","현장 운영에 참고할 수 있는 교육 자료입니다.",pdf,bronze,0,"/Volumes/Untitled/업로드 후보_v2/기타/대입정보매거진_vol.134_2025년_10월_대교협.pdf",기타,3,12.91
"[경상북도교육청] 고등학교 경제교육 교수학습자료(2022)","현장 운영에 참고할 수 있는 교육 자료입니다.",pdf,bronze,0,"/Volumes/Untitled/업로드 후보_v2/기타/[경상북도교육청]_고등학교_경제교육_교수학습자료(2022).pdf",기타,3,12.81
"AI 기술의 급속한 발달과 이미 시작된 주니어 소멸 by 세바시 강연 with 박태웅 녹서포럼 의장 from Youtube to NotebookLM Slide 20251229","현장 운영에 참고할 수 있는 교육 자료입니다.",pdf,bronze,0,"/Volumes/Untitled/업로드 후보_v2/기타/AI_기술의_급속한_발달과_이미_시작된_주니어_소멸_by_세바시_강연_with_박태웅_녹서포럼_의장_from_Youtube_to_NotebookLM_Slide_20251229.pdf",기타,3,12.76
"나와 함께 준비하는 중학생활(최종본)","현장 운영에 참고할 수 있는 교육 자료입니다.",pdf,bronze,0,"/Volumes/Untitled/업로드 후보_v2/기타/나와_함께_준비하는_중학생활(최종본).pdf",기타,3,12.71
"2026 중앙대 학생부종합 가이드북","현장 운영에 참고할 수 있는 교육 자료입니다.",pdf,bronze,0,"/Volumes/Untitled/업로드 후보_v2/기타/2026_중앙대_학생부종합_가이드북.pdf",기타,3,12.61
"2026학년도 경남교육청 대입을 위한 면접 전략 자료집 학생부 기반 면접 자료집","현장 운영에 참고할 수 있는 교육 자료입니다.",pdf,bronze,0,"/Volumes/Untitled/업로드 후보_v2/기타/2026학년도_경남교육청_대입을_위한_면접_전략_자료집_학생부_기반_면접_자료집.pdf",기타,3,12.49
"런던 베이글 뮤지엄 시장 분석 및 미래 전략 by Felo Agent Report to PDF 20250818","현장 운영에 참고할 수 있는 교육 자료입니다.",pdf,bronze,0,"/Volumes/Untitled/업로드 후보_v2/기타/런던_베이글_뮤지엄_시장_분석_및_미래_전략_by_Felo_Agent_Report_to_PDF_20250818.pdf",기타,3,12.29
"NEW 태재대학교 2026입학설명회 20251201","현장 운영에 참고할 수 있는 교육 자료입니다.",pdf,bronze,0,"/Volumes/Untitled/업로드 후보_v2/기타/NEW_태재대학교_2026입학설명회_20251201.pdf",기타,3,12.19
"2026 사탐런 고민중이라면 대학미래연구소 이재진 소장 from Youtube to Gamma 20250217","현장 운영에 참고할 수 있는 교육 자료입니다.",pdf,bronze,0,"/Volumes/Untitled/업로드 후보_v2/기타/2026_사탐런_고민중이라면_대학미래연구소_이재진_소장_from_Youtube_to_Gamma_20250217.pdf",기타,3,12.13
"고등학생+대입정보+가이드북 (1)","현장 운영에 참고할 수 있는 교육 자료입니다.",pdf,bronze,0,"/Volumes/Untitled/업로드 후보_v2/기타/고등학생+대입정보+가이드북_(1).pdf",기타,3,12.13
"경기도교육청 IB 중학교 교육 프로그램(MYP)","현장 운영에 참고할 수 있는 교육 자료입니다.",pdf,bronze,0,"/Volumes/Untitled/업로드 후보_v2/기타/경기도교육청_IB_중학교_교육_프로그램(MYP).pdf",기타,3,11.85
"1-2. 과목 선택 지도","현장 운영에 참고할 수 있는 교육 자료입니다.",pdf,bronze,0,"/Volumes/Untitled/업로드 후보_v2/기타/1-2._과목_선택_지도.pdf",기타,3,11.84
"쎈(SEN)진학 2026 정시 대학별분석1 서울권 일반대학교 책갈피 추가 by 훈선생","현장 운영에 참고할 수 있는 교육 자료입니다.",pdf,bronze,0,"/Volumes/Untitled/업로드 후보_v2/기타/쎈(SEN)진학_2026_정시_대학별분석1_서울권_일반대학교_책갈피_추가_by_훈선생.pdf",기타,3,11.81
"대입제도의변화와선택형교육과정지도사례(목포고 송미강)","현장 운영에 참고할 수 있는 교육 자료입니다.",pdf,bronze,0,"/Volumes/Untitled/업로드 후보_v2/기타/대입제도의변화와선택형교육과정지도사례(목포고_송미강).pdf",기타,3,11.28
"이용덕 강연 미래 꿈 도전 Nov 5 25 2025","현장 운영에 참고할 수 있는 교육 자료입니다.",pdf,bronze,0,"/Volumes/Untitled/업로드 후보_v2/기타/이용덕_강연_미래_꿈_도전_Nov_5_25_2025.pdf",기타,3,11.27
"2 쎈(SEN)진학 2026 대입 수시 대학별 분석Ⅰ(서울권)","현장 운영에 참고할 수 있는 교육 자료입니다.",pdf,bronze,0,"/Volumes/Untitled/업로드 후보_v2/기타/2_쎈(SEN)진학_2026_대입_수시_대학별_분석Ⅰ(서울권).pdf",기타,3,11.19
"2025 중등 교과별 논술형 평가 문항(수학)","현장 운영에 참고할 수 있는 교육 자료입니다.",pdf,bronze,0,"/Volumes/Untitled/업로드 후보_v2/기타/2025_중등_교과별_논술형_평가_문항(수학).pdf",기타,3,11.18
"고교학점제 미리보기(학생용 배부자료) 인천광역시교육청 고교학점제 지원센터","현장 운영에 참고할 수 있는 교육 자료입니다.",pdf,bronze,0,"/Volumes/Untitled/업로드 후보_v2/기타/고교학점제_미리보기(학생용_배부자료)_인천광역시교육청_고교학점제_지원센터.pdf",기타,3,10.97
"2025 중앙대 교사 대상 결과 공유 세미나 20260208","현장 운영에 참고할 수 있는 교육 자료입니다.",pdf,bronze,0,"/Volumes/Untitled/업로드 후보_v2/기타/2025_중앙대_교사_대상_결과_공유_세미나_20260208.pdf",기타,3,10.89
"[내지] 2025 북한인권백서(국문) 8차편집(수정) 웹용","현장 운영에 참고할 수 있는 교육 자료입니다.",pdf,bronze,0,"/Volumes/Untitled/업로드 후보_v2/기타/[내지]_2025_북한인권백서(국문)_8차편집(수정)_웹용.pdf",기타,3,10.83
"★(중학교)+2022+개정+교육과정+범교과+주제+적용+안내자료 교육부","현장 운영에 참고할 수 있는 교육 자료입니다.",pdf,bronze,0,"/Volumes/Untitled/업로드 후보_v2/기타/★(중학교)+2022+개정+교육과정+범교과+주제+적용+안내자료_교육부.pdf",기타,3,10.71
"2025학년도 학교생활기록부 기재요령 주요 개정사항 연수 강의 자료(중)(배포용자료)","현장 운영에 참고할 수 있는 교육 자료입니다.",pdf,bronze,0,"/Volumes/Untitled/업로드 후보_v2/기타/2025학년도_학교생활기록부_기재요령_주요_개정사항_연수_강의_자료(중)(배포용자료).pdf",기타,3,10.61
"2025 중등 교과별 논술형 평가 문항(영어)","현장 운영에 참고할 수 있는 교육 자료입니다.",pdf,bronze,0,"/Volumes/Untitled/업로드 후보_v2/기타/2025_중등_교과별_논술형_평가_문항(영어).pdf",기타,3,10.58
"2025 중등 교과별 논술형 평가 문항(국어)","현장 운영에 참고할 수 있는 교육 자료입니다.",pdf,bronze,0,"/Volumes/Untitled/업로드 후보_v2/기타/2025_중등_교과별_논술형_평가_문항(국어).pdf",기타,3,10.32
"최종 DFS2024 0115 page","현장 운영에 참고할 수 있는 교육 자료입니다.",pptx,bronze,0,"/Volumes/Untitled/업로드 후보_v2/기타/최종_DFS2024_0115_page.pptx",기타,3,10.31
"2026 대입의 이해와 대비(전남교육청 면목고 이재영)","현장 운영에 참고할 수 있는 교육 자료입니다.",pdf,bronze,0,"/Volumes/Untitled/업로드 후보_v2/기타/2026_대입의_이해와_대비(전남교육청_면목고_이재영).pdf",기타,3,10.30
"AI 피드백 시스템 워크플로우","현장 운영에 참고할 수 있는 교육 자료입니다.",pdf,bronze,0,"/Volumes/Untitled/업로드 후보_v2/기타/AI_피드백_시스템_워크플로우.pdf",기타,3,10.22
"2025 대입 수시모집 대비 면접자료집 부산광역시교육청 20240915","현장 운영에 참고할 수 있는 교육 자료입니다.",pdf,bronze,0,"/Volumes/Untitled/업로드 후보_v2/기타/2025_대입_수시모집_대비_면접자료집_부산광역시교육청_20240915.pdf",기타,3,10.18
"KHU Alliance 진로진학상담교사 워크숍 자료집","현장 운영에 참고할 수 있는 교육 자료입니다.",pdf,bronze,0,"/Volumes/Untitled/업로드 후보_v2/기타/KHU_Alliance_진로진학상담교사_워크숍_자료집.pdf",기타,3,10.17
"2025년 신입생 학부모를 위한 중학교 안내서 경기도교육청","현장 운영에 참고할 수 있는 교육 자료입니다.",pdf,bronze,0,"/Volumes/Untitled/업로드 후보_v2/기타/2025년_신입생_학부모를_위한_중학교_안내서_경기도교육청.pdf",기타,3,10.03
"2025학년도 부산교육청 수시모집 대비 면접자료집","현장 운영에 참고할 수 있는 교육 자료입니다.",pdf,bronze,0,"/Volumes/Untitled/업로드 후보_v2/기타/2025학년도_부산교육청_수시모집_대비_면접자료집.pdf",기타,3,9.97
"2025 신입생 학부모교육자료집《중학교》 경기도교육청","현장 운영에 참고할 수 있는 교육 자료입니다.",pdf,bronze,0,"/Volumes/Untitled/업로드 후보_v2/기타/2025_신입생_학부모교육자료집《중학교》_경기도교육청.pdf",기타,3,9.96
"2-2. 성공적인 진학지도","현장 운영에 참고할 수 있는 교육 자료입니다.",pdf,bronze,0,"/Volumes/Untitled/업로드 후보_v2/기타/2-2._성공적인_진학지도.pdf",기타,3,9.95
"메가스터디 조정식","현장 운영에 참고할 수 있는 교육 자료입니다.",pptx,bronze,0,"/Volumes/Untitled/업로드 후보_v2/기타/메가스터디_조정식.pptx",기타,3,9.94
"[충청남도교육청] 2026학년도 제시문기반 면접대비 자료집(과학)","현장 운영에 참고할 수 있는 교육 자료입니다.",pdf,bronze,0,"/Volumes/Untitled/업로드 후보_v2/기타/[충청남도교육청]_2026학년도_제시문기반_면접대비_자료집(과학).pdf",기타,3,9.92
"보인다 8.0 학부모 진로 진학 Q&A 100선 웹용-최종(20240930) 파트3","현장 운영에 참고할 수 있는 교육 자료입니다.",pdf,bronze,0,"/Volumes/Untitled/업로드 후보_v2/기타/보인다_8.0_학부모_진로_진학_Q&A_100선_웹용-최종(20240930)_파트3.pdf",기타,3,9.89
"기계공학과 지망생을 위한 학년별 과목 선택 완벽 가이드 NotebookLM Slide","현장 운영에 참고할 수 있는 교육 자료입니다.",pdf,bronze,0,"/Volumes/Untitled/업로드 후보_v2/기타/기계공학과_지망생을_위한_학년별_과목_선택_완벽_가이드_NotebookLM_Slide.pdf",기타,3,9.87
"보인다 8.0 학부모 진로 진학 Q&A 100선 웹용-최종(20240930) 파트1","현장 운영에 참고할 수 있는 교육 자료입니다.",pdf,bronze,0,"/Volumes/Untitled/업로드 후보_v2/기타/보인다_8.0_학부모_진로_진학_Q&A_100선_웹용-최종(20240930)_파트1.pdf",기타,3,9.81
"[경상북도교육청] 중학교 가는 길","현장 운영에 참고할 수 있는 교육 자료입니다.",pdf,bronze,0,"/Volumes/Untitled/업로드 후보_v2/기타/[경상북도교육청]_중학교_가는_길.pdf",기타,3,9.80
"The Global Risks Report 2026 21st Edition World Economic Forum NotebookLM Slide","현장 운영에 참고할 수 있는 교육 자료입니다.",pdf,bronze,0,"/Volumes/Untitled/업로드 후보_v2/기타/The_Global_Risks_Report_2026_21st_Edition_World_Economic_Forum_NotebookLM_Slide.pdf",기타,3,9.79
"보인다 8.0 학부모 진로 진학 Q&A 100선 웹용-최종(20240930) 파트4","현장 운영에 참고할 수 있는 교육 자료입니다.",pdf,bronze,0,"/Volumes/Untitled/업로드 후보_v2/기타/보인다_8.0_학부모_진로_진학_Q&A_100선_웹용-최종(20240930)_파트4.pdf",기타,3,9.77
"보인다 8.0 학부모 진로 진학 Q&A 100선 웹용-최종(20240930) 파트2","현장 운영에 참고할 수 있는 교육 자료입니다.",pdf,bronze,0,"/Volumes/Untitled/업로드 후보_v2/기타/보인다_8.0_학부모_진로_진학_Q&A_100선_웹용-최종(20240930)_파트2.pdf",기타,3,9.76
"김영일교육컨설팅 2026 수시배치표(인문2면)","현장 운영에 참고할 수 있는 교육 자료입니다.",pdf,bronze,0,"/Volumes/Untitled/업로드 후보_v2/기타/김영일교육컨설팅_2026_수시배치표(인문2면).pdf",기타,3,9.72
"보인다 8.0 학부모 진로 진학 Q&A 100선 웹용-최종(20240930) 파트5","현장 운영에 참고할 수 있는 교육 자료입니다.",pdf,bronze,0,"/Volumes/Untitled/업로드 후보_v2/기타/보인다_8.0_학부모_진로_진학_Q&A_100선_웹용-최종(20240930)_파트5.pdf",기타,3,9.72
"The state of enterprise AI 2025 report by Open AI 20251208","현장 운영에 참고할 수 있는 교육 자료입니다.",pdf,bronze,0,"/Volumes/Untitled/업로드 후보_v2/기타/The_state_of_enterprise_AI_2025_report_by_Open_AI_20251208.pdf",기타,3,9.71
"쎈(SEN)진학 2026 대입 수시 대학별 분석Ⅰ 서울권 일반대학교","현장 운영에 참고할 수 있는 교육 자료입니다.",pdf,bronze,0,"/Volumes/Untitled/업로드 후보_v2/기타/쎈(SEN)진학_2026_대입_수시_대학별_분석Ⅰ_서울권_일반대학교.pdf",기타,3,9.65
"[고등학교]고교학점제와 학생부 차별화 전략 학남고 은동현(배포용)","현장 운영에 참고할 수 있는 교육 자료입니다.",pdf,bronze,0,"/Volumes/Untitled/업로드 후보_v2/기타/[고등학교]고교학점제와_학생부_차별화_전략_학남고_은동현(배포용).pdf",기타,3,9.60
"2025학년도 수시 S-file 배포용 new ver2 (1)","현장 운영에 참고할 수 있는 교육 자료입니다.",xlsx,bronze,0,"/Volumes/Untitled/업로드 후보_v2/기타/2025학년도_수시_S-file_배포용_new_ver2_(1).xlsb",기타,3,9.58
"2026 글로벌 첨단기술·미디어·통신(TMT) 산업 전망 by 딜로이트 인사이트 리포트","현장 운영에 참고할 수 있는 교육 자료입니다.",pdf,bronze,0,"/Volumes/Untitled/업로드 후보_v2/기타/2026_글로벌_첨단기술·미디어·통신(TMT)_산업_전망_by_딜로이트_인사이트_리포트.pdf",기타,3,9.46
"서논술형 평가 도구 개발의 방법과 사례 교과 공통 평가 기준과 요소 분석 교육부 & 한국교육과정평가원 외","현장 운영에 참고할 수 있는 교육 자료입니다.",pdf,bronze,0,"/Volumes/Untitled/업로드 후보_v2/기타/서논술형_평가_도구_개발의_방법과_사례_교과_공통_평가_기준과_요소_분석_교육부_&_한국교육과정평가원_외.pdf",기타,3,9.41
"2027학년도 중앙대학교 입학전형시행계획","현장 운영에 참고할 수 있는 교육 자료입니다.",pdf,bronze,0,"/Volumes/Untitled/업로드 후보_v2/기타/2027학년도_중앙대학교_입학전형시행계획.pdf",기타,3,9.40
"BioINglobal[No.86] 합성생물학의 미래 정책 과제와 혁신 기회","현장 운영에 참고할 수 있는 교육 자료입니다.",pdf,bronze,0,"/Volumes/Untitled/업로드 후보_v2/기타/BioINglobal[No.86]_합성생물학의_미래_정책_과제와_혁신_기회.pdf",기타,3,9.39
"서논술형 평가 도구 개발의 방법과 사례 사회 교과와 과학 교과의 평가 공통점과 차이점 분석 교육부 외","현장 운영에 참고할 수 있는 교육 자료입니다.",pdf,bronze,0,"/Volumes/Untitled/업로드 후보_v2/기타/서논술형_평가_도구_개발의_방법과_사례_사회_교과와_과학_교과의_평가_공통점과_차이점_분석_교육부_외.pdf",기타,3,9.38
"2 v0721 바이오리포트 진단및예방 최종","현장 운영에 참고할 수 있는 교육 자료입니다.",pdf,bronze,0,"/Volumes/Untitled/업로드 후보_v2/기타/2_v0721_바이오리포트_진단및예방_최종.pdf",기타,3,9.35
"고교 학점제& 학생부 전략 by smart 상근쌤(배포용)","현장 운영에 참고할 수 있는 교육 자료입니다.",pdf,bronze,0,"/Volumes/Untitled/업로드 후보_v2/기타/고교_학점제&_학생부_전략_by_smart_상근쌤(배포용).pdf",기타,3,9.33
"보인다 8.0 학부모 진로 진학 Q&A 100선 웹용-최종(20240930) 파트6","현장 운영에 참고할 수 있는 교육 자료입니다.",pdf,bronze,0,"/Volumes/Untitled/업로드 후보_v2/기타/보인다_8.0_학부모_진로_진학_Q&A_100선_웹용-최종(20240930)_파트6.pdf",기타,3,9.28
"서논술형 평가 도구 개발의 방법과 사례 사회 교과 '정보화와 인권의 확장' 사례 교육부 외","현장 운영에 참고할 수 있는 교육 자료입니다.",pdf,bronze,0,"/Volumes/Untitled/업로드 후보_v2/기타/서논술형_평가_도구_개발의_방법과_사례_사회_교과_'정보화와_인권의_확장'_사례_교육부_외.pdf",기타,3,9.28
"[중학교]고교학점제와 학생부 차별화 전략 학남고 은동현(배포용)","현장 운영에 참고할 수 있는 교육 자료입니다.",pdf,bronze,0,"/Volumes/Untitled/업로드 후보_v2/기타/[중학교]고교학점제와_학생부_차별화_전략_학남고_은동현(배포용).pdf",기타,3,9.06
"학부모연수 1교시 임진택 고교학점제에 따른 진로 학업 설계 방향","현장 운영에 참고할 수 있는 교육 자료입니다.",pdf,bronze,0,"/Volumes/Untitled/업로드 후보_v2/기타/학부모연수_1교시_임진택_고교학점제에_따른_진로_학업_설계_방향.pdf",기타,3,8.98
"고1 독서 by 밋mit","현장 운영에 참고할 수 있는 교육 자료입니다.",pdf,bronze,0,"/Volumes/Untitled/업로드 후보_v2/기타/고1_독서_by_밋mit.pdf",기타,3,8.94
"20231216 블랙홀 김창석","현장 운영에 참고할 수 있는 교육 자료입니다.",pdf,bronze,0,"/Volumes/Untitled/업로드 후보_v2/기타/20231216_블랙홀_김창석.pdf",기타,3,8.86
"2025학년도 수시 S-file 배포용 new ver4","현장 운영에 참고할 수 있는 교육 자료입니다.",xlsx,bronze,0,"/Volumes/Untitled/업로드 후보_v2/기타/2025학년도_수시_S-file_배포용_new_ver4.xlsb",기타,3,8.86
"[해군사관학교] 2026년 2월의 추천도서","현장 운영에 참고할 수 있는 교육 자료입니다.",pdf,bronze,0,"/Volumes/Untitled/업로드 후보_v2/기타/[해군사관학교]_2026년_2월의_추천도서.pdf",기타,3,8.80
"쎈(SEN)진학 2026 정시 대학별분석3 수도권대학교 책갈피 추가 by 훈선생","현장 운영에 참고할 수 있는 교육 자료입니다.",pdf,bronze,0,"/Volumes/Untitled/업로드 후보_v2/기타/쎈(SEN)진학_2026_정시_대학별분석3_수도권대학교_책갈피_추가_by_훈선생.pdf",기타,3,8.62
"(이정민) 미래대학교육 방향과 학생맞춤형 교육 성과","현장 운영에 참고할 수 있는 교육 자료입니다.",pdf,bronze,0,"/Volumes/Untitled/업로드 후보_v2/기타/(이정민)_미래대학교육_방향과_학생맞춤형_교육_성과.pdf",기타,3,8.61
"2026 동국대 학생부종합전형 가이드북","현장 운영에 참고할 수 있는 교육 자료입니다.",pdf,bronze,0,"/Volumes/Untitled/업로드 후보_v2/기타/2026_동국대_학생부종합전형_가이드북.pdf",기타,3,8.61
"연구보고서 2024-29 고령친화산업 실태 및 성장잠재력 분석과 발전과제","현장 운영에 참고할 수 있는 교육 자료입니다.",pdf,bronze,0,"/Volumes/Untitled/업로드 후보_v2/기타/연구보고서_2024-29_고령친화산업_실태_및_성장잠재력_분석과_발전과제.pdf",기타,3,8.58
"학부모연수 2교시 김재선 학생성공시대를 실현하는 학생 선택 교육과정의 이해와 실제","현장 운영에 참고할 수 있는 교육 자료입니다.",pdf,bronze,0,"/Volumes/Untitled/업로드 후보_v2/기타/학부모연수_2교시_김재선_학생성공시대를_실현하는_학생_선택_교육과정의_이해와_실제.pdf",기타,3,8.55
"2026학년도 대입 전형 변화 분석 by 유니브클래스 from Youtibe to Gamma(PPT) 20240117","현장 운영에 참고할 수 있는 교육 자료입니다.",pptx,bronze,0,"/Volumes/Untitled/업로드 후보_v2/기타/2026학년도_대입_전형_변화_분석_by_유니브클래스_from_Youtibe_to_Gamma(PPT)_20240117.pptx",기타,3,8.52
"2025광주진로진학박람회 체육계열 설명회 강의자료 노동기 선생님 제공","현장 운영에 참고할 수 있는 교육 자료입니다.",pdf,bronze,0,"/Volumes/Untitled/업로드 후보_v2/기타/2025광주진로진학박람회_체육계열_설명회_강의자료_노동기_선생님_제공.pdf",기타,3,8.50
"깊이있는 수업 소식 다함께 나누다(vol 3) 10월호","현장 운영에 참고할 수 있는 교육 자료입니다.",pdf,bronze,0,"/Volumes/Untitled/업로드 후보_v2/기타/깊이있는_수업_소식_다함께_나누다(vol_3)_10월호.pdf",기타,3,8.50
"Sam Altman Thinks-We Need To Change Our Social Contract 인공지능 시대의 사회 계약 변화 from Youtube to Gamma 20250205","현장 운영에 참고할 수 있는 교육 자료입니다.",pdf,bronze,0,"/Volumes/Untitled/업로드 후보_v2/기타/Sam_Altman_Thinks-We_Need_To_Change_Our_Social_Contract_인공지능_시대의_사회_계약_변화_from_Youtube_to_Gamma_20250205.pdf",기타,3,8.41
"인류와 AI의 결합이 가져올 소름 끼치는 미래 by 선명한 지구인 with 레이 커즈와일 from Youtube to Gamma 20250621","현장 운영에 참고할 수 있는 교육 자료입니다.",pdf,bronze,0,"/Volumes/Untitled/업로드 후보_v2/기타/인류와_AI의_결합이_가져올_소름_끼치는_미래_by_선명한_지구인_with_레이_커즈와일_from_Youtube_to_Gamma_20250621.pdf",기타,3,8.38
"[충청남도교육청] 2026학년도 제시문기반 면접대비 자료집(수학)","현장 운영에 참고할 수 있는 교육 자료입니다.",pdf,bronze,0,"/Volumes/Untitled/업로드 후보_v2/기타/[충청남도교육청]_2026학년도_제시문기반_면접대비_자료집(수학).pdf",기타,3,8.35
"2025 디지털 튜터 업무길라잡이","현장 운영에 참고할 수 있는 교육 자료입니다.",pdf,bronze,0,"/Volumes/Untitled/업로드 후보_v2/기타/2025_디지털_튜터_업무길라잡이.pdf",기타,3,8.32
"독서 방법론 과외식 설명 자료","현장 운영에 참고할 수 있는 교육 자료입니다.",pdf,bronze,0,"/Volumes/Untitled/업로드 후보_v2/기타/독서_방법론_과외식_설명_자료.pdf",기타,3,8.32
"2025 KB골든라이프 보고서","현장 운영에 참고할 수 있는 교육 자료입니다.",pdf,bronze,0,"/Volumes/Untitled/업로드 후보_v2/기타/2025_KB골든라이프_보고서.pdf",기타,3,8.22
"우리몸모형자료모음집(웹용)","현장 운영에 참고할 수 있는 교육 자료입니다.",pdf,bronze,0,"/Volumes/Untitled/업로드 후보_v2/기타/우리몸모형자료모음집(웹용).pdf",기타,3,8.18
"2026 체육대학 입시의 이해 및 준비 방법-부산교육청 최종(배포용)","현장 운영에 참고할 수 있는 교육 자료입니다.",pdf,bronze,0,"/Volumes/Untitled/업로드 후보_v2/기타/2026_체육대학_입시의_이해_및_준비_방법-부산교육청_최종(배포용).pdf",기타,3,8.14
"서울대생이 추천하는 '중·고등학교 때 꼭 읽어보면 좋을 책 by 스튜디오S from Youtube to Gamma 20240827","현장 운영에 참고할 수 있는 교육 자료입니다.",pdf,bronze,0,"/Volumes/Untitled/업로드 후보_v2/기타/서울대생이_추천하는_'중·고등학교_때_꼭_읽어보면_좋을_책_by_스튜디오S_from_Youtube_to_Gamma_20240827.pdf",기타,3,8.12
"2025학년도 고등학교 학교생활기록부 기재요령 주요 개정사항(강진고 이승미)","현장 운영에 참고할 수 있는 교육 자료입니다.",pptx,bronze,0,"/Volumes/Untitled/업로드 후보_v2/기타/2025학년도_고등학교_학교생활기록부_기재요령_주요_개정사항(강진고_이승미).pptx",기타,3,8.09
"김영일교육컨설팅 2026 수시배치표(자연2면)","현장 운영에 참고할 수 있는 교육 자료입니다.",pdf,bronze,0,"/Volumes/Untitled/업로드 후보_v2/기타/김영일교육컨설팅_2026_수시배치표(자연2면).pdf",기타,3,8.05
"대학교육 9 대학교육지 224호 대학의 관점에서 보는 2028 대입제도 김경범 서울대학교 서어서문학과 기금교수 20240401","현장 운영에 참고할 수 있는 교육 자료입니다.",pdf,bronze,0,"/Volumes/Untitled/업로드 후보_v2/기타/대학교육_9_대학교육지_224호_대학의_관점에서_보는_2028_대입제도_김경범_서울대학교_서어서문학과_기금교수_20240401.pdf",기타,3,8.00
"대학입학 용어사전","현장 운영에 참고할 수 있는 교육 자료입니다.",pdf,bronze,0,"/Volumes/Untitled/업로드 후보_v2/기타/대학입학_용어사전.pdf",기타,3,7.91
"외국보다 더 멋진 대한민국 여행지 5곳 by 여행 브로셔 from Youtube to Gamma 20230507","현장 운영에 참고할 수 있는 교육 자료입니다.",pdf,bronze,0,"/Volumes/Untitled/업로드 후보_v2/기타/외국보다_더_멋진_대한민국_여행지_5곳_by_여행_브로셔_from_Youtube_to_Gamma_20230507.pdf",기타,3,7.81
"49. 도심의 변화에 따른 기존학교(중학교) 균형 배치 연구","현장 운영에 참고할 수 있는 교육 자료입니다.",pdf,bronze,0,"/Volumes/Untitled/업로드 후보_v2/기타/49._도심의_변화에_따른_기존학교(중학교)_균형_배치_연구.pdf",기타,3,7.80
"붙임 5극3특 국가균형성장 추진전략 설계도안(요약+전체) (1)","현장 운영에 참고할 수 있는 교육 자료입니다.",hwp,bronze,0,"/Volumes/Untitled/업로드 후보_v2/기타/붙임_5극3특_국가균형성장_추진전략_설계도안(요약+전체)_(1).hwp",기타,3,7.80
"(C강좌 2차시) 2026 대입전형의 이해와 지원전략(상반기진학지도역량연수)","현장 운영에 참고할 수 있는 교육 자료입니다.",pdf,bronze,0,"/Volumes/Untitled/업로드 후보_v2/기타/(C강좌_2차시)_2026_대입전형의_이해와_지원전략(상반기진학지도역량연수).pdf",기타,3,7.74
"3 v0721 바이오리포트 빅데이터 최종","현장 운영에 참고할 수 있는 교육 자료입니다.",pdf,bronze,0,"/Volumes/Untitled/업로드 후보_v2/기타/3_v0721_바이오리포트_빅데이터_최종.pdf",기타,3,7.74
"서울대 학생들의 과탐 선택 가이드 by 스튜디오 샤 from Youtube to Gamma 20250218","현장 운영에 참고할 수 있는 교육 자료입니다.",pdf,bronze,0,"/Volumes/Untitled/업로드 후보_v2/기타/서울대_학생들의_과탐_선택_가이드_by_스튜디오_샤_from_Youtube_to_Gamma_20250218.pdf",기타,3,7.65
"교과서를 활용한 탐구활동","현장 운영에 참고할 수 있는 교육 자료입니다.",pdf,bronze,0,"/Volumes/Untitled/업로드 후보_v2/기타/교과서를_활용한_탐구활동.pdf",기타,3,7.58
"생성형 AI의 발달이 대학 전공에 미치는 영향 by 미래채널 MyF from Youtube to Gamma 20250614","현장 운영에 참고할 수 있는 교육 자료입니다.",pdf,bronze,0,"/Volumes/Untitled/업로드 후보_v2/기타/생성형_AI의_발달이_대학_전공에_미치는_영향_by_미래채널_MyF_from_Youtube_to_Gamma_20250614.pdf",기타,3,7.49
"면접특강 by 상근쌤","현장 운영에 참고할 수 있는 교육 자료입니다.",pdf,bronze,0,"/Volumes/Untitled/업로드 후보_v2/기타/면접특강_by_상근쌤.pdf",기타,3,7.47
"서울대 학생들의 과탐 선택 가이드 by 스튜디오 샤 from Youtube to Gamma(PPT) 20250218","현장 운영에 참고할 수 있는 교육 자료입니다.",pptx,bronze,0,"/Volumes/Untitled/업로드 후보_v2/기타/서울대_학생들의_과탐_선택_가이드_by_스튜디오_샤_from_Youtube_to_Gamma(PPT)_20250218.pptx",기타,3,7.43
"(250422)2025. 학교생활기록부 기재 역량강화 연수 강의원고(중마고 박서영)","현장 운영에 참고할 수 있는 교육 자료입니다.",pdf,bronze,0,"/Volumes/Untitled/업로드 후보_v2/기타/(250422)2025._학교생활기록부_기재_역량강화_연수_강의원고(중마고_박서영).pdf",기타,3,7.42
"2026 알토란! 수시대박 입맞춤(기본편 in 서울권)(20240903)(완료)-2","현장 운영에 참고할 수 있는 교육 자료입니다.",pdf,bronze,0,"/Volumes/Untitled/업로드 후보_v2/기타/2026_알토란!_수시대박_입맞춤(기본편_in_서울권)(20240903)(완료)-2.pdf",기타,3,7.38
"3. (교사용)2026 대입 수시모집 미술계열 분석과 전략","현장 운영에 참고할 수 있는 교육 자료입니다.",pdf,bronze,0,"/Volumes/Untitled/업로드 후보_v2/기타/3._(교사용)2026_대입_수시모집_미술계열_분석과_전략.pdf",기타,3,7.34
"[고등학교][신입생]고교학점제와 학생부 차별화 전략 학남고 은동현(배포용)","현장 운영에 참고할 수 있는 교육 자료입니다.",pdf,bronze,0,"/Volumes/Untitled/업로드 후보_v2/기타/[고등학교][신입생]고교학점제와_학생부_차별화_전략_학남고_은동현(배포용).pdf",기타,3,7.33
"인천광역시교육청 키워드로 대비하는 학생부종합전형 26개 분야 핵심 키워드 Gamma 피상훈 소장","현장 운영에 참고할 수 있는 교육 자료입니다.",pdf,bronze,0,"/Volumes/Untitled/업로드 후보_v2/기타/인천광역시교육청_키워드로_대비하는_학생부종합전형_26개_분야_핵심_키워드_Gamma_피상훈_소장.pdf",기타,3,7.33
"2025 대학별 논술 문항 분석 및 지원 전략 I 경기교육청 20250817","현장 운영에 참고할 수 있는 교육 자료입니다.",pdf,bronze,0,"/Volumes/Untitled/업로드 후보_v2/기타/2025_대학별_논술_문항_분석_및_지원_전략_I_경기교육청_20250817.pdf",기타,3,7.30
"2025 찾아가는 학부모 고입진로설명회 자료집(게시용)","현장 운영에 참고할 수 있는 교육 자료입니다.",pdf,bronze,0,"/Volumes/Untitled/업로드 후보_v2/기타/2025_찾아가는_학부모_고입진로설명회_자료집(게시용).pdf",기타,3,7.24
"(홈페이지탑재)서울 중학교 학생 학부모 대상 고교학점제 설명회","현장 운영에 참고할 수 있는 교육 자료입니다.",pdf,bronze,0,"/Volumes/Untitled/업로드 후보_v2/기타/(홈페이지탑재)서울_중학교_학생_학부모_대상_고교학점제_설명회.pdf",기타,3,7.22
"붙임 5극3특 국가균형성장 추진전략 설계도안(요약+전체) (1)","현장 운영에 참고할 수 있는 교육 자료입니다.",hwp,bronze,0,"/Volumes/Untitled/업로드 후보_v2/기타/붙임_5극3특_국가균형성장_추진전략_설계도안(요약+전체)_(1).hwpx",기타,3,7.18
"(강의1) 2028 대입개편안에 따른 진로진학설계","현장 운영에 참고할 수 있는 교육 자료입니다.",pdf,bronze,0,"/Volumes/Untitled/업로드 후보_v2/기타/(강의1)_2028_대입개편안에_따른_진로진학설계.pdf",기타,3,7.14
"57번 샘플 공통수학1 중간 서술형 교재 '주도권'","현장 운영에 참고할 수 있는 교육 자료입니다.",pdf,bronze,0,"/Volumes/Untitled/업로드 후보_v2/기타/57번_샘플_공통수학1_중간_서술형_교재_'주도권'.pdf",기타,3,7.12
"2. (학생학부모용) 2025 대입 수시모집 결과 및 2026 대입 수시모집의 방향","현장 운영에 참고할 수 있는 교육 자료입니다.",pdf,bronze,0,"/Volumes/Untitled/업로드 후보_v2/기타/2._(학생학부모용)_2025_대입_수시모집_결과_및_2026_대입_수시모집의_방향.pdf",기타,3,7.08
"3 쎈(SEN)진학 2026 대입 수시 대학별 분석Ⅱ(수도권 국가거점국립대)","현장 운영에 참고할 수 있는 교육 자료입니다.",pdf,bronze,0,"/Volumes/Untitled/업로드 후보_v2/기타/3_쎈(SEN)진학_2026_대입_수시_대학별_분석Ⅱ(수도권_국가거점국립대).pdf",기타,3,7.07
"1 쎈(SEN)진학 2026 대입 수시 진학지도 길잡이(총론)","현장 운영에 참고할 수 있는 교육 자료입니다.",pdf,bronze,0,"/Volumes/Untitled/업로드 후보_v2/기타/1_쎈(SEN)진학_2026_대입_수시_진학지도_길잡이(총론).pdf",기타,3,6.97
"2025~2021 수시입시결과 대교협발표추가(배포용) 250724","현장 운영에 참고할 수 있는 교육 자료입니다.",xlsx,bronze,0,"/Volumes/Untitled/업로드 후보_v2/기타/2025~2021_수시입시결과_대교협발표추가(배포용)_250724.xlsx",기타,3,6.90
"[IT&Future Strategy 2025-5] 글로벌 AI∙디지털 혁신 사례로 본 국내 기업 AX 전략","현장 운영에 참고할 수 있는 교육 자료입니다.",pdf,bronze,0,"/Volumes/Untitled/업로드 후보_v2/기타/[IT&Future_Strategy_2025-5]_글로벌_AI∙디지털_혁신_사례로_본_국내_기업_AX_전략.pdf",기타,3,6.86
"(C강좌 1차시) 고교학점제에 따른 선택과목 지도 방안","현장 운영에 참고할 수 있는 교육 자료입니다.",pdf,bronze,0,"/Volumes/Untitled/업로드 후보_v2/기타/(C강좌_1차시)_고교학점제에_따른_선택과목_지도_방안.pdf",기타,3,6.82
"2026정시파노라마 인천교육청","현장 운영에 참고할 수 있는 교육 자료입니다.",pdf,bronze,0,"/Volumes/Untitled/업로드 후보_v2/기타/2026정시파노라마_인천교육청.pdf",기타,3,6.82
"[인천시교육청] 2026학년도 대입 정시파노라마","현장 운영에 참고할 수 있는 교육 자료입니다.",pdf,bronze,0,"/Volumes/Untitled/업로드 후보_v2/기타/[인천시교육청]_2026학년도_대입_정시파노라마.pdf",기타,3,6.82
"김영일교육컨설팅 2026학년도 수시 배치표","현장 운영에 참고할 수 있는 교육 자료입니다.",pdf,bronze,0,"/Volumes/Untitled/업로드 후보_v2/기타/김영일교육컨설팅_2026학년도_수시_배치표.pdf",기타,3,6.81
"[교육부] 진로연계교육 설계를 위한 디딤돌안내서 (중학교)","현장 운영에 참고할 수 있는 교육 자료입니다.",pdf,bronze,0,"/Volumes/Untitled/업로드 후보_v2/기타/[교육부]_진로연계교육_설계를_위한_디딤돌안내서_(중학교).pdf",기타,3,6.74
"내년 교육계를 좌우할 6가지 핵심 키워드와 교육 변화의 맥락 by 교육대기자TV from Lilys to Gemini Canvas 20251211","현장 운영에 참고할 수 있는 교육 자료입니다.",pptx,bronze,0,"/Volumes/Untitled/업로드 후보_v2/기타/내년_교육계를_좌우할_6가지_핵심_키워드와_교육_변화의_맥락_by_교육대기자TV_from_Lilys_to_Gemini_Canvas_20251211.pptx",기타,3,6.73
"2024 학부모 질문·진학 Q&A 100선 요약 1장 2022 개정 교육과정 및 정책 by 세종특별자치시교육청 진로교육원 from PDF to Gamma","현장 운영에 참고할 수 있는 교육 자료입니다.",pdf,bronze,0,"/Volumes/Untitled/업로드 후보_v2/기타/2024_학부모_질문·진학_Q&A_100선_요약_1장_2022_개정_교육과정_및_정책_by_세종특별자치시교육청_진로교육원_from_PDF_to_Gamma.pdf",기타,3,6.70
"고2 독서 by 밋mit","현장 운영에 참고할 수 있는 교육 자료입니다.",pdf,bronze,0,"/Volumes/Untitled/업로드 후보_v2/기타/고2_독서_by_밋mit.pdf",기타,3,6.70
"[교육부] 진로연계교육 설계를 위한 디딤돌안내서 (고등학교)","현장 운영에 참고할 수 있는 교육 자료입니다.",pdf,bronze,0,"/Volumes/Untitled/업로드 후보_v2/기타/[교육부]_진로연계교육_설계를_위한_디딤돌안내서_(고등학교).pdf",기타,3,6.69
"[자료 1]2025년 연간 도서판매 동향 및 베스트셀러 분석","현장 운영에 참고할 수 있는 교육 자료입니다.",pdf,bronze,0,"/Volumes/Untitled/업로드 후보_v2/기타/[자료_1]2025년_연간_도서판매_동향_및_베스트셀러_분석.pdf",기타,3,6.68
"[광주시교육청] 빛고을 진로학업설계서 (2025)","현장 운영에 참고할 수 있는 교육 자료입니다.",pdf,bronze,0,"/Volumes/Untitled/업로드 후보_v2/기타/[광주시교육청]_빛고을_진로학업설계서_(2025).pdf",기타,3,6.61
"4 v0721 바이오리포트 인체건강 최종","현장 운영에 참고할 수 있는 교육 자료입니다.",pdf,bronze,0,"/Volumes/Untitled/업로드 후보_v2/기타/4_v0721_바이오리포트_인체건강_최종.pdf",기타,3,6.57
"2026 대입 수시 합격드림 설명회 2부 상문고 박창욱선생님","현장 운영에 참고할 수 있는 교육 자료입니다.",pdf,bronze,0,"/Volumes/Untitled/업로드 후보_v2/기타/2026_대입_수시_합격드림_설명회_2부_상문고_박창욱선생님.pdf",기타,3,6.56
"(원고) 2026~2027 대입전형의 이해와 효율적인 지도 방안(숭의여교-정제원) (1)","현장 운영에 참고할 수 있는 교육 자료입니다.",pdf,bronze,0,"/Volumes/Untitled/업로드 후보_v2/기타/(원고)_2026~2027_대입전형의_이해와_효율적인_지도_방안(숭의여교-정제원)_(1).pdf",기타,3,6.45
"2024~2020 5개년 수시입시결과 대교협 발표자료기준(밴드용) 240816","현장 운영에 참고할 수 있는 교육 자료입니다.",xlsx,bronze,0,"/Volumes/Untitled/업로드 후보_v2/기타/2024~2020_5개년_수시입시결과_대교협_발표자료기준(밴드용)_240816.xlsx",기타,3,6.42
"빅뱅에서 고대 문명까지 지구와 인류의 초기 역사 개관 by 쏨작가의 지식사전 from Youtube to Gamma 20200929","현장 운영에 참고할 수 있는 교육 자료입니다.",pdf,bronze,0,"/Volumes/Untitled/업로드 후보_v2/기타/빅뱅에서_고대_문명까지_지구와_인류의_초기_역사_개관_by_쏨작가의_지식사전_from_Youtube_to_Gamma_20200929.pdf",기타,3,6.38
"[경상남도교육청] 학점기반 교육과정 설계운영을 위한 연수자료 (2025)","현장 운영에 참고할 수 있는 교육 자료입니다.",pdf,bronze,0,"/Volumes/Untitled/업로드 후보_v2/기타/[경상남도교육청]_학점기반_교육과정_설계운영을_위한_연수자료_(2025).pdf",기타,3,6.35
"4. (조만기) 2026 농어촌(전남교육청)","현장 운영에 참고할 수 있는 교육 자료입니다.",pptx,bronze,0,"/Volumes/Untitled/업로드 후보_v2/기타/4._(조만기)_2026_농어촌(전남교육청).pptx",기타,3,6.30
"쎈(SEN)진학 2026 정시 대학별분석2 국가거점국립대학교 책갈피 추가 by 훈선생","현장 운영에 참고할 수 있는 교육 자료입니다.",pdf,bronze,0,"/Volumes/Untitled/업로드 후보_v2/기타/쎈(SEN)진학_2026_정시_대학별분석2_국가거점국립대학교_책갈피_추가_by_훈선생.pdf",기타,3,6.25
"[2026학년도][인피니트수학연구소][대학수학능력시험 분석지]","현장 운영에 참고할 수 있는 교육 자료입니다.",pdf,bronze,0,"/Volumes/Untitled/업로드 후보_v2/기타/[2026학년도][인피니트수학연구소][대학수학능력시험_분석지].pdf",기타,3,6.20
"2025 중등 논술형 평가 길라잡이","현장 운영에 참고할 수 있는 교육 자료입니다.",pdf,bronze,0,"/Volumes/Untitled/업로드 후보_v2/기타/2025_중등_논술형_평가_길라잡이.pdf",기타,3,6.16
"최종 수능대비 수1수2확통 기본공식","현장 운영에 참고할 수 있는 교육 자료입니다.",pdf,bronze,0,"/Volumes/Untitled/업로드 후보_v2/기타/최종_수능대비_수1수2확통_기본공식.pdf",기타,3,6.13
"2028 대입 개편 체제 분석 및 영역별 학습 전략(통합) by EBSi 20250121","현장 운영에 참고할 수 있는 교육 자료입니다.",pptx,bronze,0,"/Volumes/Untitled/업로드 후보_v2/기타/2028_대입_개편_체제_분석_및_영역별_학습_전략(통합)_by_EBSi_20250121.pptx",기타,3,6.12
"[세종시교육청] 2024 보인다 9.0 대학 전공학과 길라잡이","현장 운영에 참고할 수 있는 교육 자료입니다.",pdf,bronze,0,"/Volumes/Untitled/업로드 후보_v2/기타/[세종시교육청]_2024_보인다_9.0_대학_전공학과_길라잡이.pdf",기타,3,6.09
"초등 국어 공부법 민성원","현장 운영에 참고할 수 있는 교육 자료입니다.",pdf,bronze,0,"/Volumes/Untitled/업로드 후보_v2/기타/초등_국어_공부법_민성원.pdf",기타,3,6.09
"9 v0721 바이오리포트 기타 최종","현장 운영에 참고할 수 있는 교육 자료입니다.",pdf,bronze,0,"/Volumes/Untitled/업로드 후보_v2/기타/9_v0721_바이오리포트_기타_최종.pdf",기타,3,6.07
"예비중1학부모설명회","현장 운영에 참고할 수 있는 교육 자료입니다.",pptx,bronze,0,"/Volumes/Untitled/업로드 후보_v2/기타/예비중1학부모설명회.pptx",기타,3,6.07
"2026 수시 요강정보(배포용) 250807","현장 운영에 참고할 수 있는 교육 자료입니다.",xlsx,bronze,0,"/Volumes/Untitled/업로드 후보_v2/기타/2026_수시_요강정보(배포용)_250807.xlsx",기타,3,6.01
"펜을 만드는 학원 0215 2024","현장 운영에 참고할 수 있는 교육 자료입니다.",docx,bronze,0,"/Volumes/Untitled/업로드 후보_v2/기타/펜을_만드는_학원_0215_2024.docx",기타,3,6.00
"20250926 edusky databook","현장 운영에 참고할 수 있는 교육 자료입니다.",pdf,bronze,0,"/Volumes/Untitled/업로드 후보_v2/기타/20250926_edusky_databook.pdf",기타,3,5.96
"이세돌 전 바둑기사 인공지능도 이기는 멘탈 갖추는 법 by 지식인사이드 from Youtube to Gamma 20250118","현장 운영에 참고할 수 있는 교육 자료입니다.",pdf,bronze,0,"/Volumes/Untitled/업로드 후보_v2/기타/이세돌_전_바둑기사_인공지능도_이기는_멘탈_갖추는_법_by_지식인사이드_from_Youtube_to_Gamma_20250118.pdf",기타,3,5.96
"워크북 시즌5","현장 운영에 참고할 수 있는 교육 자료입니다.",pdf,bronze,0,"/Volumes/Untitled/업로드 후보_v2/기타/워크북_시즌5.pdf",기타,3,5.86
"2025학년도 예비 고1 학부모 대상 고등학교 교육과정 및 고교학점제 연수 자료 부산진고 이창현 교사 부산광역시교육청 고교학점제 지원센터","현장 운영에 참고할 수 있는 교육 자료입니다.",pdf,bronze,0,"/Volumes/Untitled/업로드 후보_v2/기타/2025학년도_예비_고1_학부모_대상_고등학교_교육과정_및_고교학점제_연수_자료_부산진고_이창현_교사_부산광역시교육청_고교학점제_지원센터.pdf",기타,3,5.84
"[서울]2025학년도 2022 개정 교육과정 선택 과목 안내서(낱장) (250529)","현장 운영에 참고할 수 있는 교육 자료입니다.",pdf,bronze,0,"/Volumes/Untitled/업로드 후보_v2/기타/[서울]2025학년도_2022_개정_교육과정_선택_과목_안내서(낱장)_(250529).pdf",기타,3,5.84
"AI 인재 양성 정책과 학원의 AI 대응 기회 창출 전략 리포트","현장 운영에 참고할 수 있는 교육 자료입니다.",pdf,bronze,0,"/Volumes/Untitled/업로드 후보_v2/기타/AI_인재_양성_정책과_학원의_AI_대응_기회_창출_전략_리포트.pdf",기타,3,5.72
"[도교육청]2026. 면접자료 정리해DREAM","현장 운영에 참고할 수 있는 교육 자료입니다.",pdf,bronze,0,"/Volumes/Untitled/업로드 후보_v2/기타/[도교육청]2026._면접자료_정리해DREAM.pdf",기타,3,5.66
"2022개정 한눈에 보는 진로 자료 모음집(중고공통)","현장 운영에 참고할 수 있는 교육 자료입니다.",pdf,bronze,0,"/Volumes/Untitled/업로드 후보_v2/기타/2022개정_한눈에_보는_진로_자료_모음집(중고공통).pdf",기타,3,5.63
"22개정 중학 국어1 토의토론배움깊이더하기자료집(교사용)","현장 운영에 참고할 수 있는 교육 자료입니다.",pdf,bronze,0,"/Volumes/Untitled/업로드 후보_v2/기타/22개정_중학_국어1_토의토론배움깊이더하기자료집(교사용).pdf",기타,3,5.62
"(D강좌 1차시) 2028학년도 대입제도 개편의 이해와 준비","현장 운영에 참고할 수 있는 교육 자료입니다.",pdf,bronze,0,"/Volumes/Untitled/업로드 후보_v2/기타/(D강좌_1차시)_2028학년도_대입제도_개편의_이해와_준비.pdf",기타,3,5.61
"2024 통일의식 조사 서울대학교 통일평화연구원 20241130","현장 운영에 참고할 수 있는 교육 자료입니다.",pdf,bronze,0,"/Volumes/Untitled/업로드 후보_v2/기타/2024_통일의식_조사_서울대학교_통일평화연구원_20241130.pdf",기타,3,5.54
"2025년 신입생 학부모를 위한 고등학교 안내서 경기도교육청","현장 운영에 참고할 수 있는 교육 자료입니다.",pdf,bronze,0,"/Volumes/Untitled/업로드 후보_v2/기타/2025년_신입생_학부모를_위한_고등학교_안내서_경기도교육청.pdf",기타,3,5.50
"(강좌3) 어디가를 활용한 진로진학설계 방안","현장 운영에 참고할 수 있는 교육 자료입니다.",pdf,bronze,0,"/Volumes/Untitled/업로드 후보_v2/기타/(강좌3)_어디가를_활용한_진로진학설계_방안.pdf",기타,3,5.48
"(강좌3) 어디가를 활용한 진로진학설계 방안 울산광역시교육청","현장 운영에 참고할 수 있는 교육 자료입니다.",pdf,bronze,0,"/Volumes/Untitled/업로드 후보_v2/기타/(강좌3)_어디가를_활용한_진로진학설계_방안_울산광역시교육청.pdf",기타,3,5.48
"22개정 중학 국어1 토의토론배움깊이더하기자료집(학생용)","현장 운영에 참고할 수 있는 교육 자료입니다.",pdf,bronze,0,"/Volumes/Untitled/업로드 후보_v2/기타/22개정_중학_국어1_토의토론배움깊이더하기자료집(학생용).pdf",기타,3,5.48
"최종 수능대비 수1수2미적 기본공식","현장 운영에 참고할 수 있는 교육 자료입니다.",pdf,bronze,0,"/Volumes/Untitled/업로드 후보_v2/기타/최종_수능대비_수1수2미적_기본공식.pdf",기타,3,5.40
"[이즈유 경희대 진로진학 워크숍 자료해석 권정안]","현장 운영에 참고할 수 있는 교육 자료입니다.",pdf,bronze,0,"/Volumes/Untitled/업로드 후보_v2/기타/[이즈유_경희대_진로진학_워크숍_자료해석_권정안].pdf",기타,3,5.37
"250617 대한민국 진짜성장을 위한 전략","현장 운영에 참고할 수 있는 교육 자료입니다.",pdf,bronze,0,"/Volumes/Untitled/업로드 후보_v2/기타/250617_대한민국_진짜성장을_위한_전략.pdf",기타,3,5.26
"2026 정시 대학별분석3 수도권대학교 책갈피 추가 by 훈선생 압축","현장 운영에 참고할 수 있는 교육 자료입니다.",pdf,bronze,0,"/Volumes/Untitled/업로드 후보_v2/기타/2026_정시_대학별분석3_수도권대학교_책갈피_추가_by_훈선생_압축.pdf",기타,3,5.25
"[이투스] 2026 수시DB검색 ver5","현장 운영에 참고할 수 있는 교육 자료입니다.",xlsx,bronze,0,"/Volumes/Untitled/업로드 후보_v2/기타/[이투스]_2026_수시DB검색_ver5.xlsb",기타,3,5.24
"강남 키즈가 말하는 학군의 중요성 by 맨스파이어 from Youtube to Gamma 20250904","현장 운영에 참고할 수 있는 교육 자료입니다.",pdf,bronze,0,"/Volumes/Untitled/업로드 후보_v2/기타/강남_키즈가_말하는_학군의_중요성_by_맨스파이어_from_Youtube_to_Gamma_20250904.pdf",기타,3,5.21
"김영일교육컨설팅 2026 수시배치표(인문1면)","현장 운영에 참고할 수 있는 교육 자료입니다.",pdf,bronze,0,"/Volumes/Untitled/업로드 후보_v2/기타/김영일교육컨설팅_2026_수시배치표(인문1면).pdf",기타,3,5.18
"3. 2025 전남교육청 의대전략및MMI이해(제출)","현장 운영에 참고할 수 있는 교육 자료입니다.",pdf,bronze,0,"/Volumes/Untitled/업로드 후보_v2/기타/3._2025_전남교육청_의대전략및MMI이해(제출).pdf",기타,3,5.14
"2026 미술대학 입시의 이해와 진학 준비 부산광역시교육청","현장 운영에 참고할 수 있는 교육 자료입니다.",pdf,bronze,0,"/Volumes/Untitled/업로드 후보_v2/기타/2026_미술대학_입시의_이해와_진학_준비_부산광역시교육청.pdf",기타,3,5.11
"[당그팀]26학년도 수능 분석본","현장 운영에 참고할 수 있는 교육 자료입니다.",pdf,bronze,0,"/Volumes/Untitled/업로드 후보_v2/기타/[당그팀]26학년도_수능_분석본.pdf",기타,3,5.10
"주요 대학 및 학과 권장도서 모음집","현장 운영에 참고할 수 있는 교육 자료입니다.",pdf,bronze,0,"/Volumes/Untitled/업로드 후보_v2/기타/주요_대학_및_학과_권장도서_모음집.pdf",기타,3,5.07
