path,filename,ext,size_mb,category_hint,priority
"/Volumes/Untitled/업로드 전/수특영어_part1.zip","수특영어_part1.zip",zip,280.96,"기타",3
"/Volumes/Untitled/업로드 전/인천광역시교육청_초등 수학 씨리즈2_20222 개정 교육과정.zip","인천광역시교육청_초등 수학 씨리즈2_20222 개정 교육과정.zip",zip,264.94,"기타",3
"/Volumes/Untitled/업로드 전/대학 전공별 경력 가이드_취합.zip","대학 전공별 경력 가이드_취합.zip",zip,258.46,"기타",3
"/Volumes/Untitled/업로드 전/2026학년도 수시 모집요강_3.zip","2026학년도 수시 모집요강_3.zip",zip,243.58,"기타",3
"/Volumes/Untitled/업로드 전/2026학년도 수시 모집요강_5.zip","2026학년도 수시 모집요강_5.zip",zip,229.91,"기타",3
"/Volumes/Untitled/업로드 전/26학년도 수시모집요강_2.zip","26학년도 수시모집요강_2.zip",zip,193.49,"기타",3
"/Volumes/Untitled/업로드 전/김영일교육컨설팅 2026학년도 데이터로 읽는 수시 전형 책자(최종) (1).pdf","김영일교육컨설팅 2026학년도 데이터로 읽는 수시 전형 책자(최종) (1).pdf",pdf,190.46,"기타",3
"/Volumes/Untitled/업로드 전/20220513_박윤수_소행성_편광.pptx","20220513_박윤수_소행성_편광.pptx",pptx,185.10,"기타",3
"/Volumes/Untitled/업로드 전/2026학년도 수시 모집요강_4.zip","2026학년도 수시 모집요강_4.zip",zip,184.03,"기타",3
"/Volumes/Untitled/업로드 전/26학년도 수시 모집요강_1.zip","26학년도 수시 모집요강_1.zip",zip,143.82,"기타",3
"/Volumes/Untitled/업로드 전/CHA  미래교육협의체 학부모대상 프로그램-2부(260127)_인항고 허진석 선생님_20260128.pdf","CHA  미래교육협의체 학부모대상 프로그램-2부(260127)_인항고 허진석 선생님_20260128.pdf",pdf,137.52,"기타",3
"/Volumes/Untitled/업로드 전/20220903-태양진동학-강수상.pptx","20220903-태양진동학-강수상.pptx",pptx,131.10,"기타",3
"/Volumes/Untitled/업로드 전/2022 개정 교육과정 고등학교 과목 선택 안내서(2025.5.22.).pdf","2022 개정 교육과정 고등학교 과목 선택 안내서(2025.5.22.).pdf",pdf,121.74,"기타",3
"/Volumes/Untitled/업로드 전/20190809-소행성_류구-박윤수.pptx","20190809-소행성_류구-박윤수.pptx",pptx,120.58,"기타",3
"/Volumes/Untitled/업로드 전/숲의 초록빛 약속_Google Gemini GEM_Storybook 만들기(1)_20250820.pdf","숲의 초록빛 약속_Google Gemini GEM_Storybook 만들기(1)_20250820.pdf",pdf,103.79,"기타",3
"/Volumes/Untitled/업로드 전/[역사]한눈에 펼쳐보는 역사.pdf","[역사]한눈에 펼쳐보는 역사.pdf",pdf,101.86,"기타",3
"/Volumes/Untitled/업로드 전/초등음악_수업지원자료_본문(티솔용).pdf","초등음악_수업지원자료_본문(티솔용).pdf",pdf,100.33,"기타",3
"/Volumes/Untitled/업로드 전/초등체육_게임활동집-56학년(돈보 삭제).pdf","초등체육_게임활동집-56학년(돈보 삭제).pdf",pdf,93.29,"기타",3
"/Volumes/Untitled/업로드 전/2026학년도 광주광역시 직업계 고등학교 입학전형 기본 계획 설명회.pdf","2026학년도 광주광역시 직업계 고등학교 입학전형 기본 계획 설명회.pdf",pdf,93.28,"기타",3
"/Volumes/Untitled/업로드 전/학부모님 편지 응원전.pptx","학부모님 편지 응원전.pptx",pptx,88.30,"기타",3
"/Volumes/Untitled/업로드 전/20210917_박윤수_소행성_Phaethon.pptx","20210917_박윤수_소행성_Phaethon.pptx",pptx,74.47,"기타",3
"/Volumes/Untitled/업로드 전/2026학년도 대입전형의 이해와 대비(대교협).pptx","2026학년도 대입전형의 이해와 대비(대교협).pptx",pptx,69.82,"기타",3
"/Volumes/Untitled/업로드 전/초등 깊이있는 수업이야기 다함께 나누다 8월호.pdf","초등 깊이있는 수업이야기 다함께 나누다 8월호.pdf",pdf,67.98,"기타",3
"/Volumes/Untitled/업로드 전/2-1.꿈을 디자인하는 진로·진학·직업 로드맵 (중학교)_인천광역시교육청.pdf","2-1.꿈을 디자인하는 진로·진학·직업 로드맵 (중학교)_인천광역시교육청.pdf",pdf,65.70,"기타",3
"/Volumes/Untitled/업로드 전/초등실과_특화자료_최종.pdf","초등실과_특화자료_최종.pdf",pdf,65.70,"기타",3
"/Volumes/Untitled/업로드 전/20240914_중력파_사냥꾼과_은하_금광의_비밀_백승학.pdf","20240914_중력파_사냥꾼과_은하_금광의_비밀_백승학.pdf",pdf,63.09,"기타",3
"/Volumes/Untitled/업로드 전/★(초등학교)+2022+개정+교육과정+범교과+주제+적용+안내자료.hwp","★(초등학교)+2022+개정+교육과정+범교과+주제+적용+안내자료.hwp",hwp,60.38,"기타",3
"/Volumes/Untitled/업로드 전/2. [교사용] 고교학점제 워크북 교사용 가이드.pdf","2. [교사용] 고교학점제 워크북 교사용 가이드.pdf",pdf,58.45,"기타",3
"/Volumes/Untitled/업로드 전/초등사회 브로마이드 3종 (590880)_OK.pdf","초등사회 브로마이드 3종 (590880)_OK.pdf",pdf,57.04,"기타",3
"/Volumes/Untitled/업로드 전/고등학생을 위한 진로연계교육(수능전)_서울특별시교육청.pdf","고등학생을 위한 진로연계교육(수능전)_서울특별시교육청.pdf",pdf,54.70,"기타",3
"/Volumes/Untitled/업로드 전/홍제기/1.조직관리 제공자료_홍재기.zip","1.조직관리 제공자료_홍재기.zip",zip,53.97,"기타",3
"/Volumes/Untitled/업로드 전/250428_CIBM_케이스모킬러_리플렛_수정.pdf","250428_CIBM_케이스모킬러_리플렛_수정.pdf",pdf,53.78,"기타",3
"/Volumes/Untitled/업로드 전/모두의 진로_수업 자료(PPT)_중학생용.zip","모두의 진로_수업 자료(PPT)_중학생용.zip",zip,50.77,"기타",3
"/Volumes/Untitled/업로드 전/[교과서] 고등 독서와 작문 - 해냄에듀.vol1.egg","[교과서] 고등 독서와 작문 - 해냄에듀.vol1.egg",egg,50.00,"기타",3
"/Volumes/Untitled/업로드 전/2026_수시_대학별_입학설명회_한양경희동국서강.pdf","2026_수시_대학별_입학설명회_한양경희동국서강.pdf",pdf,49.31,"기타",3
"/Volumes/Untitled/업로드 전/[모두의 진로] 교사용 매뉴얼_중학교.pdf","[모두의 진로] 교사용 매뉴얼_중학교.pdf",pdf,48.67,"기타",3
"/Volumes/Untitled/업로드 전/학교생활기록부 작성을 위한 최종 체크리스트- 별가람고 전소영.pdf","학교생활기록부 작성을 위한 최종 체크리스트- 별가람고 전소영.pdf",pdf,48.15,"기타",3
"/Volumes/Untitled/업로드 전/1. [학생용] 고교학점제 워크북.pdf","1. [학생용] 고교학점제 워크북.pdf",pdf,47.97,"기타",3
"/Volumes/Untitled/업로드 전/2024학년도 중1~3학년 학부모 대상 고교학점제 설명회 강의자료.pdf","2024학년도 중1~3학년 학부모 대상 고교학점제 설명회 강의자료.pdf",pdf,46.62,"기타",3
"/Volumes/Untitled/업로드 전/행복한교육 2025년 가을호(낱장).pdf","행복한교육 2025년 가을호(낱장).pdf",pdf,46.56,"기타",3
"/Volumes/Untitled/업로드 전/[현대시] 2권과제장.zip","[현대시] 2권과제장.zip",zip,44.42,"기타",3
"/Volumes/Untitled/업로드 전/수 감각 활동지.pdf","수 감각 활동지.pdf",pdf,43.59,"기타",3
"/Volumes/Untitled/업로드 전/2026학년도 광주광역시_고등학교 입학전형 기본계획 설명회(학부모 대상).pdf","2026학년도 광주광역시_고등학교 입학전형 기본계획 설명회(학부모 대상).pdf",pdf,40.60,"기타",3
"/Volumes/Untitled/업로드 전/읽기+유창성과+독해력+향상을+위한+읽기+검사지(KICE+Reading+Inventory) (1).pdf","읽기+유창성과+독해력+향상을+위한+읽기+검사지(KICE+Reading+Inventory) (1).pdf",pdf,38.67,"기타",3
"/Volumes/Untitled/업로드 전/읽기+유창성과+독해력+향상을+위한+읽기+검사지(KICE+Reading+Inventory).pdf","읽기+유창성과+독해력+향상을+위한+읽기+검사지(KICE+Reading+Inventory).pdf",pdf,38.67,"기타",3
"/Volumes/Untitled/업로드 전/2026학년도_대수능_영어_듣기음원.zip","2026학년도_대수능_영어_듣기음원.zip",zip,37.95,"기타",3
"/Volumes/Untitled/업로드 전/[모두의 진로] 학생용 워크북_중학교_수정본.pdf","[모두의 진로] 학생용 워크북_중학교_수정본.pdf",pdf,36.22,"기타",3
"/Volumes/Untitled/업로드 전/★(중학교)+2022+개정+교육과정+범교과+주제+적용+안내자료.hwp","★(중학교)+2022+개정+교육과정+범교과+주제+적용+안내자료.hwp",hwp,33.60,"기타",3
"/Volumes/Untitled/업로드 전/[현대시] 1권과제장.zip","[현대시] 1권과제장.zip",zip,32.37,"기타",3
"/Volumes/Untitled/업로드 전/사서와 함께 행복한 책읽기_2025년 가을호_경기도교육청도서관.pdf","사서와 함께 행복한 책읽기_2025년 가을호_경기도교육청도서관.pdf",pdf,31.49,"기타",3
"/Volumes/Untitled/업로드 전/3. [교사용] 고교학점제 워크북 수업연계활동자료.pdf","3. [교사용] 고교학점제 워크북 수업연계활동자료.pdf",pdf,31.42,"기타",3
"/Volumes/Untitled/업로드 전/[교과서] 고등 독서와 작문 - 해냄에듀.vol2.egg","[교과서] 고등 독서와 작문 - 해냄에듀.vol2.egg",egg,31.31,"기타",3
"/Volumes/Untitled/업로드 전/2025학년도 2022 개정 교육과정 선택 과목  안내서 보조자료(PPT).pptx","2025학년도 2022 개정 교육과정 선택 과목  안내서 보조자료(PPT).pptx",pptx,31.17,"기타",3
"/Volumes/Untitled/업로드 전/허재성대표님 강의_2주차.pdf","허재성대표님 강의_2주차.pdf",pdf,28.47,"기타",3
"/Volumes/Untitled/업로드 전/[경상북도교육쳥] 중학교 경제교육 학습자료(2022).pdf","[경상북도교육쳥] 중학교 경제교육 학습자료(2022).pdf",pdf,28.11,"기타",3
"/Volumes/Untitled/업로드 전/한국학원대 - 기적의 암기법 강의자료.pdf","한국학원대 - 기적의 암기법 강의자료.pdf",pdf,26.39,"기타",3
"/Volumes/Untitled/업로드 전/전공이야기_1__기계공학.m4a","전공이야기_1__기계공학.m4a",m4a,26.32,"기타",3
"/Volumes/Untitled/업로드 전/2026_수시_대학별_입학설명회_이화성균중앙건국.pdf","2026_수시_대학별_입학설명회_이화성균중앙건국.pdf",pdf,25.85,"기타",3
"/Volumes/Untitled/업로드 전/초등학교 학부모 수학 가이드북(1학년1학기) (2).pdf","초등학교 학부모 수학 가이드북(1학년1학기) (2).pdf",pdf,25.79,"기타",3
"/Volumes/Untitled/업로드 전/런던 베이글 뮤지엄_시장 분석 및 미래 전략_by Felo Agent Report to PPT_20250818.pptx","런던 베이글 뮤지엄_시장 분석 및 미래 전략_by Felo Agent Report to PPT_20250818.pptx",pptx,25.78,"기타",3
"/Volumes/Untitled/업로드 전/★(고등학교)+2022+개정+교육과정+범교과+주제+적용+안내자료.hwp","★(고등학교)+2022+개정+교육과정+범교과+주제+적용+안내자료.hwp",hwp,25.34,"기타",3
"/Volumes/Untitled/업로드 전/기계공학과 지망생을 위한 학년별 과목 선택 완벽 가이드_NotebookLM Audio Overview.m4a","기계공학과 지망생을 위한 학년별 과목 선택 완벽 가이드_NotebookLM Audio Overview.m4a",m4a,25.32,"기타",3
"/Volumes/Untitled/업로드 전/01. 2022 연수자료_창의적 체험활동_초중 공통.pptx","01. 2022 연수자료_창의적 체험활동_초중 공통.pptx",pptx,25.29,"기타",3
"/Volumes/Untitled/업로드 전/2028 대학별 권장 이수 과목.zip","2028 대학별 권장 이수 과목.zip",zip,25.05,"기타",3
"/Volumes/Untitled/업로드 전/초등학교 학부모 수학 가이드북(4학년1학기) (2).pdf","초등학교 학부모 수학 가이드북(4학년1학기) (2).pdf",pdf,25.00,"기타",3
"/Volumes/Untitled/업로드 전/(이투스) 고3_2026학년도 9월모평 상위누적(실채점)_밴드용.xls","(이투스) 고3_2026학년도 9월모평 상위누적(실채점)_밴드용.xls",xls,24.98,"기타",3
"/Volumes/Untitled/업로드 전/전공이야기_2_자동차의_역학.m4a","전공이야기_2_자동차의_역학.m4a",m4a,24.35,"기타",3
"/Volumes/Untitled/업로드 전/초등학교 학부모 수학 가이드북(4학년2학기) (2).pdf","초등학교 학부모 수학 가이드북(4학년2학기) (2).pdf",pdf,24.19,"기타",3
"/Volumes/Untitled/업로드 전/2026자연계열_자연계열_제시문_면접준비.pdf","2026자연계열_자연계열_제시문_면접준비.pdf",pdf,23.93,"기타",3
"/Volumes/Untitled/업로드 전/시냅스_전공이야기_영어교육학과.m4a","시냅스_전공이야기_영어교육학과.m4a",m4a,23.73,"기타",3
"/Volumes/Untitled/업로드 전/2025학년 전남교육청 면접자료 정리해DREAM.pdf","2025학년 전남교육청 면접자료 정리해DREAM.pdf",pdf,23.21,"기타",3
"/Volumes/Untitled/업로드 전/IB교육의 이해.pptx","IB교육의 이해.pptx",pptx,23.06,"기타",3
"/Volumes/Untitled/업로드 전/초등미술 3학년_교과서활동지모음집(최종) - 웹용.pdf","초등미술 3학년_교과서활동지모음집(최종) - 웹용.pdf",pdf,23.06,"기타",3
"/Volumes/Untitled/업로드 전/시장상황분석_정의와 실제 활용 전략_by felo AI slide_2025004.pdf","시장상황분석_정의와 실제 활용 전략_by felo AI slide_2025004.pdf",pdf,22.76,"기타",3
"/Volumes/Untitled/업로드 전/2026 고입 파노라마(인천광역시교육청).pdf","2026 고입 파노라마(인천광역시교육청).pdf",pdf,21.54,"기타",3
"/Volumes/Untitled/업로드 전/초등학교 학부모 수학 가이드북(2학년1학기) (2).pdf","초등학교 학부모 수학 가이드북(2학년1학기) (2).pdf",pdf,21.03,"기타",3
"/Volumes/Untitled/업로드 전/전 세계 위인들이 인정한 역사상 최고의 천재_by 범준에 물리다 with 수학자 김상현 교수_from Youtube to NotebookLM Slide_20250531.pdf","전 세계 위인들이 인정한 역사상 최고의 천재_by 범준에 물리다 with 수학자 김상현 교수_from Youtube to NotebookLM Slide_20250531.pdf",pdf,20.91,"기타",3
"/Volumes/Untitled/업로드 전/2025 중등 교과별 논술형 평가 문항(과학).pdf","2025 중등 교과별 논술형 평가 문항(과학).pdf",pdf,20.75,"기타",3
"/Volumes/Untitled/업로드 전/초등학교 학부모 수학 가이드북(3학년1학기) (2).pdf","초등학교 학부모 수학 가이드북(3학년1학기) (2).pdf",pdf,20.64,"기타",3
"/Volumes/Untitled/업로드 전/초등학교 학부모 수학 가이드북(2학년2학기) (2).pdf","초등학교 학부모 수학 가이드북(2학년2학기) (2).pdf",pdf,20.41,"기타",3
"/Volumes/Untitled/업로드 전/초등학교 학부모 수학 가이드북(3학년2학기) (2).pdf","초등학교 학부모 수학 가이드북(3학년2학기) (2).pdf",pdf,20.35,"기타",3
"/Volumes/Untitled/업로드 전/9월 배치참고표(실채점) I 고속성장.xlsx","9월 배치참고표(실채점) I 고속성장.xlsx",xlsx,19.75,"기타",3
"/Volumes/Untitled/업로드 전/초등학교 학부모 수학 가이드북(1학년2학기) (2).pdf","초등학교 학부모 수학 가이드북(1학년2학기) (2).pdf",pdf,19.74,"기타",3
"/Volumes/Untitled/업로드 전/김영일교육컨설팅 2026 수시배치표(자연1면).pdf","김영일교육컨설팅 2026 수시배치표(자연1면).pdf",pdf,19.71,"기타",3
"/Volumes/Untitled/업로드 전/과학탐구(통합과학) 영역 문항 자료집(경기도교육청).pdf","과학탐구(통합과학) 영역 문항 자료집(경기도교육청).pdf",pdf,19.67,"기타",3
"/Volumes/Untitled/업로드 전/나와 함께 준비하는 중학생활(수정본).pdf","나와 함께 준비하는 중학생활(수정본).pdf",pdf,19.64,"기타",3
"/Volumes/Untitled/업로드 전/내신 대비 이대로만 따라하자!!.pdf","내신 대비 이대로만 따라하자!!.pdf",pdf,19.52,"기타",3
"/Volumes/Untitled/업로드 전/최신_IT현업자 연봉현황_맥비기획톡방_2022-24년 설문결과분석.pdf","최신_IT현업자 연봉현황_맥비기획톡방_2022-24년 설문결과분석.pdf",pdf,19.34,"기타",3
"/Volumes/Untitled/업로드 전/2022개정 고등학교 과목선택 안내자료(충남교육청).pdf","2022개정 고등학교 과목선택 안내자료(충남교육청).pdf",pdf,19.22,"기타",3
"/Volumes/Untitled/업로드 전/2025 미리 보는 중학교 생활 「중학교 가는 길」_경상북도교육청.pdf","2025 미리 보는 중학교 생활 「중학교 가는 길」_경상북도교육청.pdf",pdf,19.16,"기타",3
"/Volumes/Untitled/업로드 전/2025 미리 보는 중학교 생활 「중학교 가는 길」.pdf","2025 미리 보는 중학교 생활 「중학교 가는 길」.pdf",pdf,19.15,"기타",3
"/Volumes/Untitled/업로드 전/(PPT 파일)고교학점제 도입으로 달라지는 고등학교 생활.pptx","(PPT 파일)고교학점제 도입으로 달라지는 고등학교 생활.pptx",pptx,19.06,"기타",3
"/Volumes/Untitled/업로드 전/202506고속성장분석기(가채점)20250605.xlsx","202506고속성장분석기(가채점)20250605.xlsx",xlsx,19.06,"기타",3
"/Volumes/Untitled/업로드 전/2025 중등 교과별 논술형 평가 문항(사회).pdf","2025 중등 교과별 논술형 평가 문항(사회).pdf",pdf,18.88,"기타",3
"/Volumes/Untitled/업로드 전/홍제기/2.마케팅 전략 제공자료_홍재기.zip","2.마케팅 전략 제공자료_홍재기.zip",zip,18.39,"기타",3
"/Volumes/Untitled/업로드 전/시교육청 중등교육과-2025 고교학점제 학부모 연수 자료집_인천광역시교육청 고교학점제 지원센터.pdf","시교육청 중등교육과-2025 고교학점제 학부모 연수 자료집_인천광역시교육청 고교학점제 지원센터.pdf",pdf,18.21,"기타",3
"/Volumes/Untitled/업로드 전/학교생활기록부기재전략_발표_손선열대입지원관(게재용).pptx","학교생활기록부기재전략_발표_손선열대입지원관(게재용).pptx",pptx,18.15,"기타",3
"/Volumes/Untitled/업로드 전/2024학년도 중1~3학년 학부모 대상 고교학점제 설명회 강의자료.pptx","2024학년도 중1~3학년 학부모 대상 고교학점제 설명회 강의자료.pptx",pptx,18.06,"기타",3
"/Volumes/Untitled/업로드 전/(이투스에듀) 2026_대비_경쟁률검색기_ver2.xlsb","(이투스에듀) 2026_대비_경쟁률검색기_ver2.xlsb",xlsb,18.00,"기타",3
"/Volumes/Untitled/업로드 전/돈과_국가_신뢰의_200년.pdf","돈과_국가_신뢰의_200년.pdf",pdf,17.36,"기타",3
"/Volumes/Untitled/업로드 전/2026년 학교는 이렇게 바뀝니다_교육부 주요 정책 총정리_by 별의별 교육연구소_from Youtube to NotebookLM Slide_20260208.pdf","2026년 학교는 이렇게 바뀝니다_교육부 주요 정책 총정리_by 별의별 교육연구소_from Youtube to NotebookLM Slide_20260208.pdf",pdf,17.28,"기타",3
"/Volumes/Untitled/업로드 전/오대교대표님강연회& 겨울학기 설명회 기획.hwp","오대교대표님강연회& 겨울학기 설명회 기획.hwp",hwp,17.25,"기타",3
"/Volumes/Untitled/업로드 전/2026음악대학입시의이해.pdf","2026음악대학입시의이해.pdf",pdf,17.18,"기타",3
"/Volumes/Untitled/업로드 전/2025학년도 울산교육청 대입_수시_면접후기 자료집.pdf","2025학년도 울산교육청 대입_수시_면접후기 자료집.pdf",pdf,17.02,"기타",3
"/Volumes/Untitled/업로드 전/WTP Education 토론 주제 모음_매우 유용.docx","WTP Education 토론 주제 모음_매우 유용.docx",docx,16.92,"기타",3
"/Volumes/Untitled/업로드 전/2028학년도 대학입학전형기본사항_한국대학교육협의회_by Google NotebookLM Slide 요약_20251205 작업.pdf","2028학년도 대학입학전형기본사항_한국대학교육협의회_by Google NotebookLM Slide 요약_20251205 작업.pdf",pdf,16.34,"기타",3
"/Volumes/Untitled/업로드 전/[이투스 교육평가연구소] 학부모입시교실 자료집_24년 개정판(배포용)_20250310.pdf","[이투스 교육평가연구소] 학부모입시교실 자료집_24년 개정판(배포용)_20250310.pdf",pdf,15.73,"기타",3
"/Volumes/Untitled/업로드 전/목숨이 걸린 상황에서 내가 살 수 있는 방법은_물리학 VS 수학_by 범준에 물리다 with 수학자 김상현 교수_from Youtube to NotebookLM Slide_20250524.pdf","목숨이 걸린 상황에서 내가 살 수 있는 방법은_물리학 VS 수학_by 범준에 물리다 with 수학자 김상현 교수_from Youtube to NotebookLM Slide_20250524.pdf",pdf,15.64,"기타",3
"/Volumes/Untitled/업로드 전/대입 정보 매거진_2025년 12월호_vol135.pdf","대입 정보 매거진_2025년 12월호_vol135.pdf",pdf,15.52,"기타",3
"/Volumes/Untitled/업로드 전/글쓰기 지도법.pptx","글쓰기 지도법.pptx",pptx,15.35,"기타",3
"/Volumes/Untitled/업로드 전/쎈(SEN)진학_2025학년도 고1_2학년 진학지도 자료집_서울특별시교육청교육연구정보원.pdf","쎈(SEN)진학_2025학년도 고1_2학년 진학지도 자료집_서울특별시교육청교육연구정보원.pdf",pdf,15.23,"기타",3
"/Volumes/Untitled/업로드 전/선배들이 말하는 나의 학종 성공법.pdf","선배들이 말하는 나의 학종 성공법.pdf",pdf,15.22,"기타",3
"/Volumes/Untitled/업로드 전/250121_조간_(보도)_인공지능_융합이_강조된_2025년_바이오_미래유망기술_발표.hwpx","250121_조간_(보도)_인공지능_융합이_강조된_2025년_바이오_미래유망기술_발표.hwpx",hwpx,15.01,"기타",3
"/Volumes/Untitled/업로드 전/쎈(SEN)진학 2025학년도 고1_2학년 진학지도 자료집.pdf","쎈(SEN)진학 2025학년도 고1_2학년 진학지도 자료집.pdf",pdf,14.97,"기타",3
"/Volumes/Untitled/업로드 전/[특강] 필수현대시95선-기초속성 각론.hwp","[특강] 필수현대시95선-기초속성 각론.hwp",hwp,14.65,"기타",3
"/Volumes/Untitled/업로드 전/AI튜터 학원매뉴얼.pdf","AI튜터 학원매뉴얼.pdf",pdf,14.64,"기타",3
"/Volumes/Untitled/업로드 전/공부선배.mp4","공부선배.mp4",mp4,14.55,"기타",3
"/Volumes/Untitled/업로드 전/2022 개정 교육과정 통합과학과 빌 브라이슨 '거의 모든 것의 역사 융합'_혁신_by Google NotebookLM Slide 자료_3가지 관점.pdf","2022 개정 교육과정 통합과학과 빌 브라이슨 '거의 모든 것의 역사 융합'_혁신_by Google NotebookLM Slide 자료_3가지 관점.pdf",pdf,14.44,"기타",3
"/Volumes/Untitled/업로드 전/서울대학교 환경에너지연구실 구성원 저서 및 추천 도서_from Webpage to Gamma_20250302.pdf","서울대학교 환경에너지연구실 구성원 저서 및 추천 도서_from Webpage to Gamma_20250302.pdf",pdf,14.21,"기타",3
"/Volumes/Untitled/업로드 전/이중 진자 운동과 홈런 타자 스윙의 상관 관계 분석_by NotebookLM Slide.pdf","이중 진자 운동과 홈런 타자 스윙의 상관 관계 분석_by NotebookLM Slide.pdf",pdf,14.05,"기타",3
"/Volumes/Untitled/업로드 전/1. 2026 주요 대학 수시모집전형 분석 및 지원 전략(2025.7.11)-전남교육청(제출용).pdf","1. 2026 주요 대학 수시모집전형 분석 및 지원 전략(2025.7.11)-전남교육청(제출용).pdf",pdf,13.80,"기타",3
"/Volumes/Untitled/업로드 전/초등미술 4학년_교과서활동지모음집(최종) - 웹용.pdf","초등미술 4학년_교과서활동지모음집(최종) - 웹용.pdf",pdf,13.79,"기타",3
"/Volumes/Untitled/업로드 전/2025 학생부 기재요령 교과학습발달상황(1학년).pdf","2025 학생부 기재요령 교과학습발달상황(1학년).pdf",pdf,13.76,"기타",3
"/Volumes/Untitled/업로드 전/1_v0721_바이오리포트_신약개발_최종.pdf","1_v0721_바이오리포트_신약개발_최종.pdf",pdf,13.71,"기타",3
"/Volumes/Untitled/업로드 전/(이투스) 고3_2026학년도 9월_상위누적(가채점)_밴드용.xls","(이투스) 고3_2026학년도 9월_상위누적(가채점)_밴드용.xls",xls,13.57,"기타",3
"/Volumes/Untitled/업로드 전/(이투스) 고3_2026학년도 9월_상위누적(가채점)_밴드용_20250904.xls","(이투스) 고3_2026학년도 9월_상위누적(가채점)_밴드용_20250904.xls",xls,13.56,"기타",3
"/Volumes/Untitled/업로드 전/자율전공선발학생의 전공선택과 진로.pdf","자율전공선발학생의 전공선택과 진로.pdf",pdf,13.53,"기타",3
"/Volumes/Untitled/업로드 전/2028 대입 지방고 필승 전략_블루프린트_from Google Gemini Deep Research to NotebookLM Slide_20251209.pdf","2028 대입 지방고 필승 전략_블루프린트_from Google Gemini Deep Research to NotebookLM Slide_20251209.pdf",pdf,13.08,"기타",3
"/Volumes/Untitled/업로드 전/생성형AI를 활용한 인사관리_4.pdf","생성형AI를 활용한 인사관리_4.pdf",pdf,13.06,"기타",3
"/Volumes/Untitled/업로드 전/(고등학교) 창체로 여는 길.pdf","(고등학교) 창체로 여는 길.pdf",pdf,12.98,"기타",3
"/Volumes/Untitled/업로드 전/대입정보매거진_vol.134_2025년 10월_대교협.pdf","대입정보매거진_vol.134_2025년 10월_대교협.pdf",pdf,12.91,"기타",3
"/Volumes/Untitled/업로드 전/[경상북도교육청] 고등학교 경제교육 교수학습자료(2022).pdf","[경상북도교육청] 고등학교 경제교육 교수학습자료(2022).pdf",pdf,12.81,"기타",3
"/Volumes/Untitled/업로드 전/AI 기술의 급속한 발달과 이미 시작된 주니어 소멸_by 세바시 강연 with 박태웅 녹서포럼 의장_from Youtube to NotebookLM Slide_20251229.pdf","AI 기술의 급속한 발달과 이미 시작된 주니어 소멸_by 세바시 강연 with 박태웅 녹서포럼 의장_from Youtube to NotebookLM Slide_20251229.pdf",pdf,12.76,"기타",3
"/Volumes/Untitled/업로드 전/나와 함께 준비하는 중학생활(최종본).pdf","나와 함께 준비하는 중학생활(최종본).pdf",pdf,12.71,"기타",3
"/Volumes/Untitled/업로드 전/2026_중앙대_학생부종합_가이드북.pdf","2026_중앙대_학생부종합_가이드북.pdf",pdf,12.61,"기타",3
"/Volumes/Untitled/업로드 전/2026학년도 경남교육청 대입을 위한 면접 전략 자료집 학생부 기반 면접 자료집.pdf","2026학년도 경남교육청 대입을 위한 면접 전략 자료집 학생부 기반 면접 자료집.pdf",pdf,12.49,"기타",3
"/Volumes/Untitled/업로드 전/런던 베이글 뮤지엄_시장 분석 및 미래 전략_by Felo Agent Report to PDF_20250818.pdf","런던 베이글 뮤지엄_시장 분석 및 미래 전략_by Felo Agent Report to PDF_20250818.pdf",pdf,12.29,"기타",3
"/Volumes/Untitled/업로드 전/NEW_태재대학교 2026입학설명회_20251201.pdf","NEW_태재대학교 2026입학설명회_20251201.pdf",pdf,12.19,"기타",3
"/Volumes/Untitled/업로드 전/2026 사탐런 고민중이라면_대학미래연구소 이재진 소장_from Youtube to Gamma_20250217.pdf","2026 사탐런 고민중이라면_대학미래연구소 이재진 소장_from Youtube to Gamma_20250217.pdf",pdf,12.13,"기타",3
"/Volumes/Untitled/업로드 전/고등학생+대입정보+가이드북 (1).pdf","고등학생+대입정보+가이드북 (1).pdf",pdf,12.13,"기타",3
"/Volumes/Untitled/업로드 전/경기도교육청_IB 중학교 교육 프로그램(MYP).pdf","경기도교육청_IB 중학교 교육 프로그램(MYP).pdf",pdf,11.85,"기타",3
"/Volumes/Untitled/업로드 전/1-2. 과목 선택 지도.pdf","1-2. 과목 선택 지도.pdf",pdf,11.84,"기타",3
"/Volumes/Untitled/업로드 전/쎈(SEN)진학 2026 정시 대학별분석1 서울권 일반대학교 책갈피 추가 by 훈선생.pdf","쎈(SEN)진학 2026 정시 대학별분석1 서울권 일반대학교 책갈피 추가 by 훈선생.pdf",pdf,11.81,"기타",3
"/Volumes/Untitled/업로드 전/대입제도의변화와선택형교육과정지도사례(목포고 송미강).pdf","대입제도의변화와선택형교육과정지도사례(목포고 송미강).pdf",pdf,11.28,"기타",3
"/Volumes/Untitled/업로드 전/이용덕 강연 미래 꿈 도전 Nov 5 25 2025.pdf","이용덕 강연 미래 꿈 도전 Nov 5 25 2025.pdf",pdf,11.27,"기타",3
"/Volumes/Untitled/업로드 전/2_쎈(SEN)진학 2026 대입 수시 대학별 분석Ⅰ(서울권).pdf","2_쎈(SEN)진학 2026 대입 수시 대학별 분석Ⅰ(서울권).pdf",pdf,11.19,"기타",3
"/Volumes/Untitled/업로드 전/2025 중등 교과별 논술형 평가 문항(수학).pdf","2025 중등 교과별 논술형 평가 문항(수학).pdf",pdf,11.18,"기타",3
"/Volumes/Untitled/업로드 전/고교학점제 미리보기(학생용 배부자료)_인천광역시교육청 고교학점제 지원센터.pdf","고교학점제 미리보기(학생용 배부자료)_인천광역시교육청 고교학점제 지원센터.pdf",pdf,10.97,"기타",3
"/Volumes/Untitled/업로드 전/2025 중앙대 교사 대상 결과 공유 세미나_20260208.pdf","2025 중앙대 교사 대상 결과 공유 세미나_20260208.pdf",pdf,10.89,"기타",3
"/Volumes/Untitled/업로드 전/[내지] 2025 북한인권백서(국문)_8차편집(수정) _웹용.pdf","[내지] 2025 북한인권백서(국문)_8차편집(수정) _웹용.pdf",pdf,10.83,"기타",3
"/Volumes/Untitled/업로드 전/★(중학교)+2022+개정+교육과정+범교과+주제+적용+안내자료_교육부.pdf","★(중학교)+2022+개정+교육과정+범교과+주제+적용+안내자료_교육부.pdf",pdf,10.71,"기타",3
"/Volumes/Untitled/업로드 전/2025학년도 학교생활기록부 기재요령 주요 개정사항_연수 강의 자료(중)(배포용자료).pdf","2025학년도 학교생활기록부 기재요령 주요 개정사항_연수 강의 자료(중)(배포용자료).pdf",pdf,10.61,"기타",3
"/Volumes/Untitled/업로드 전/2025 중등 교과별 논술형 평가 문항(영어).pdf","2025 중등 교과별 논술형 평가 문항(영어).pdf",pdf,10.58,"기타",3
"/Volumes/Untitled/업로드 전/2025 중등 교과별 논술형 평가 문항(국어).pdf","2025 중등 교과별 논술형 평가 문항(국어).pdf",pdf,10.32,"기타",3
"/Volumes/Untitled/업로드 전/최종_DFS2024_0115_page.pptx","최종_DFS2024_0115_page.pptx",pptx,10.31,"기타",3
"/Volumes/Untitled/업로드 전/2026 대입의 이해와 대비(전남교육청_면목고 이재영).pdf","2026 대입의 이해와 대비(전남교육청_면목고 이재영).pdf",pdf,10.30,"기타",3
"/Volumes/Untitled/업로드 전/AI 피드백 시스템 워크플로우.pdf","AI 피드백 시스템 워크플로우.pdf",pdf,10.22,"기타",3
"/Volumes/Untitled/업로드 전/2025 대입 수시모집 대비 면접자료집_부산광역시교육청_20240915.pdf","2025 대입 수시모집 대비 면접자료집_부산광역시교육청_20240915.pdf",pdf,10.18,"기타",3
"/Volumes/Untitled/업로드 전/KHU_Alliance 진로진학상담교사 워크숍 자료집.pdf","KHU_Alliance 진로진학상담교사 워크숍 자료집.pdf",pdf,10.17,"기타",3
"/Volumes/Untitled/업로드 전/2025년 신입생 학부모를 위한 중학교 안내서_경기도교육청.pdf","2025년 신입생 학부모를 위한 중학교 안내서_경기도교육청.pdf",pdf,10.03,"기타",3
"/Volumes/Untitled/업로드 전/2025학년도 부산교육청 수시모집 대비 면접자료집.pdf","2025학년도 부산교육청 수시모집 대비 면접자료집.pdf",pdf,9.97,"기타",3
"/Volumes/Untitled/업로드 전/2025 신입생 학부모교육자료집《중학교》_경기도교육청.pdf","2025 신입생 학부모교육자료집《중학교》_경기도교육청.pdf",pdf,9.96,"기타",3
"/Volumes/Untitled/업로드 전/2-2. 성공적인 진학지도.pdf","2-2. 성공적인 진학지도.pdf",pdf,9.95,"기타",3
"/Volumes/Untitled/업로드 전/메가스터디 조정식.pptx","메가스터디 조정식.pptx",pptx,9.94,"기타",3
"/Volumes/Untitled/업로드 전/[충청남도교육청] 2026학년도 제시문기반 면접대비 자료집(과학).pdf","[충청남도교육청] 2026학년도 제시문기반 면접대비 자료집(과학).pdf",pdf,9.92,"기타",3
"/Volumes/Untitled/업로드 전/보인다 8.0 학부모 진로 진학 Q&A 100선 웹용-최종(20240930)_파트3.pdf","보인다 8.0 학부모 진로 진학 Q&A 100선 웹용-최종(20240930)_파트3.pdf",pdf,9.89,"기타",3
"/Volumes/Untitled/업로드 전/기계공학과 지망생을 위한 학년별 과목 선택 완벽 가이드_NotebookLM Slide.pdf","기계공학과 지망생을 위한 학년별 과목 선택 완벽 가이드_NotebookLM Slide.pdf",pdf,9.87,"기타",3
"/Volumes/Untitled/업로드 전/보인다 8.0 학부모 진로 진학 Q&A 100선 웹용-최종(20240930)_파트1.pdf","보인다 8.0 학부모 진로 진학 Q&A 100선 웹용-최종(20240930)_파트1.pdf",pdf,9.81,"기타",3
"/Volumes/Untitled/업로드 전/[경상북도교육청] 중학교 가는 길.pdf","[경상북도교육청] 중학교 가는 길.pdf",pdf,9.80,"기타",3
"/Volumes/Untitled/업로드 전/The Global Risks Report 2026_21st Edition_World Economic Forum_NotebookLM Slide.pdf","The Global Risks Report 2026_21st Edition_World Economic Forum_NotebookLM Slide.pdf",pdf,9.79,"기타",3
"/Volumes/Untitled/업로드 전/보인다 8.0 학부모 진로 진학 Q&A 100선 웹용-최종(20240930)_파트4.pdf","보인다 8.0 학부모 진로 진학 Q&A 100선 웹용-최종(20240930)_파트4.pdf",pdf,9.77,"기타",3
"/Volumes/Untitled/업로드 전/보인다 8.0 학부모 진로 진학 Q&A 100선 웹용-최종(20240930)_파트2.pdf","보인다 8.0 학부모 진로 진학 Q&A 100선 웹용-최종(20240930)_파트2.pdf",pdf,9.76,"기타",3
"/Volumes/Untitled/업로드 전/김영일교육컨설팅 2026 수시배치표(인문2면).pdf","김영일교육컨설팅 2026 수시배치표(인문2면).pdf",pdf,9.72,"기타",3
"/Volumes/Untitled/업로드 전/보인다 8.0 학부모 진로 진학 Q&A 100선 웹용-최종(20240930)_파트5.pdf","보인다 8.0 학부모 진로 진학 Q&A 100선 웹용-최종(20240930)_파트5.pdf",pdf,9.72,"기타",3
"/Volumes/Untitled/업로드 전/The state of enterprise AI_2025 report_by Open AI_20251208.pdf","The state of enterprise AI_2025 report_by Open AI_20251208.pdf",pdf,9.71,"기타",3
"/Volumes/Untitled/업로드 전/쎈(SEN)진학 2026 대입 수시 대학별 분석Ⅰ_서울권 일반대학교.pdf","쎈(SEN)진학 2026 대입 수시 대학별 분석Ⅰ_서울권 일반대학교.pdf",pdf,9.65,"기타",3
"/Volumes/Untitled/업로드 전/[고등학교]고교학점제와 학생부 차별화 전략_학남고 은동현(배포용).pdf","[고등학교]고교학점제와 학생부 차별화 전략_학남고 은동현(배포용).pdf",pdf,9.60,"기타",3
"/Volumes/Untitled/업로드 전/2025학년도 수시 S-file_배포용_new_ver2 (1).xlsb","2025학년도 수시 S-file_배포용_new_ver2 (1).xlsb",xlsb,9.58,"기타",3
"/Volumes/Untitled/업로드 전/2026 글로벌 첨단기술·미디어·통신(TMT) 산업 전망_by 딜로이트 인사이트 리포트.pdf","2026 글로벌 첨단기술·미디어·통신(TMT) 산업 전망_by 딜로이트 인사이트 리포트.pdf",pdf,9.46,"기타",3
"/Volumes/Untitled/업로드 전/서논술형 평가 도구 개발의 방법과 사례_교과 공통 평가 기준과 요소 분석_교육부 & 한국교육과정평가원 외.pdf","서논술형 평가 도구 개발의 방법과 사례_교과 공통 평가 기준과 요소 분석_교육부 & 한국교육과정평가원 외.pdf",pdf,9.41,"기타",3
"/Volumes/Untitled/업로드 전/2027학년도 중앙대학교 입학전형시행계획.pdf","2027학년도 중앙대학교 입학전형시행계획.pdf",pdf,9.40,"기타",3
"/Volumes/Untitled/업로드 전/BioINglobal[No.86] 합성생물학의 미래_정책 과제와 혁신 기회.pdf","BioINglobal[No.86] 합성생물학의 미래_정책 과제와 혁신 기회.pdf",pdf,9.39,"기타",3
"/Volumes/Untitled/업로드 전/서논술형 평가 도구 개발의 방법과 사례_사회 교과와 과학 교과의 평가 공통점과 차이점 분석_교육부 외.pdf","서논술형 평가 도구 개발의 방법과 사례_사회 교과와 과학 교과의 평가 공통점과 차이점 분석_교육부 외.pdf",pdf,9.38,"기타",3
"/Volumes/Untitled/업로드 전/2_v0721_바이오리포트_진단및예방_최종.pdf","2_v0721_바이오리포트_진단및예방_최종.pdf",pdf,9.35,"기타",3
"/Volumes/Untitled/업로드 전/고교 학점제& 학생부 전략 by smart 상근쌤(배포용).pdf","고교 학점제& 학생부 전략 by smart 상근쌤(배포용).pdf",pdf,9.33,"기타",3
"/Volumes/Untitled/업로드 전/보인다 8.0 학부모 진로 진학 Q&A 100선 웹용-최종(20240930)_파트6.pdf","보인다 8.0 학부모 진로 진학 Q&A 100선 웹용-최종(20240930)_파트6.pdf",pdf,9.28,"기타",3
"/Volumes/Untitled/업로드 전/서논술형 평가 도구 개발의 방법과 사례_사회 교과 '정보화와 인권의 확장' 사례_교육부 외.pdf","서논술형 평가 도구 개발의 방법과 사례_사회 교과 '정보화와 인권의 확장' 사례_교육부 외.pdf",pdf,9.28,"기타",3
"/Volumes/Untitled/업로드 전/물올기출.zip","물올기출.zip",zip,9.20,"기타",3
"/Volumes/Untitled/업로드 전/문학동네 추천도서_독후 활동지.egg","문학동네 추천도서_독후 활동지.egg",egg,9.10,"기타",3
"/Volumes/Untitled/업로드 전/[중학교]고교학점제와 학생부 차별화 전략_학남고 은동현(배포용).pdf","[중학교]고교학점제와 학생부 차별화 전략_학남고 은동현(배포용).pdf",pdf,9.06,"기타",3
"/Volumes/Untitled/업로드 전/학부모연수_1교시_임진택_고교학점제에 따른 진로 학업 설계 방향.pdf","학부모연수_1교시_임진택_고교학점제에 따른 진로 학업 설계 방향.pdf",pdf,8.98,"기타",3
"/Volumes/Untitled/업로드 전/고1 독서 by 밋mit.pdf","고1 독서 by 밋mit.pdf",pdf,8.94,"기타",3
"/Volumes/Untitled/업로드 전/20231216_블랙홀_김창석.pdf","20231216_블랙홀_김창석.pdf",pdf,8.86,"기타",3
"/Volumes/Untitled/업로드 전/2025학년도 수시 S-file_배포용_new_ver4.xlsb","2025학년도 수시 S-file_배포용_new_ver4.xlsb",xlsb,8.86,"기타",3
"/Volumes/Untitled/업로드 전/[해군사관학교] 2026년 2월의 추천도서.pdf","[해군사관학교] 2026년 2월의 추천도서.pdf",pdf,8.80,"기타",3
"/Volumes/Untitled/업로드 전/쎈(SEN)진학 2026 정시 대학별분석3 수도권대학교 책갈피 추가 by 훈선생.pdf","쎈(SEN)진학 2026 정시 대학별분석3 수도권대학교 책갈피 추가 by 훈선생.pdf",pdf,8.62,"기타",3
"/Volumes/Untitled/업로드 전/(이정민) 미래대학교육 방향과 학생맞춤형 교육 성과.pdf","(이정민) 미래대학교육 방향과 학생맞춤형 교육 성과.pdf",pdf,8.61,"기타",3
"/Volumes/Untitled/업로드 전/2026_동국대_학생부종합전형_가이드북.pdf","2026_동국대_학생부종합전형_가이드북.pdf",pdf,8.61,"기타",3
"/Volumes/Untitled/업로드 전/연구보고서_2024-29_고령친화산업_실태_및_성장잠재력_분석과_발전과제.pdf","연구보고서_2024-29_고령친화산업_실태_및_성장잠재력_분석과_발전과제.pdf",pdf,8.58,"기타",3
"/Volumes/Untitled/업로드 전/학부모연수_2교시_김재선_학생성공시대를 실현하는 학생 선택 교육과정의 이해와 실제.pdf","학부모연수_2교시_김재선_학생성공시대를 실현하는 학생 선택 교육과정의 이해와 실제.pdf",pdf,8.55,"기타",3
"/Volumes/Untitled/업로드 전/2026학년도 대입 전형 변화 분석_by 유니브클래스_from Youtibe to Gamma(PPT)_20240117.pptx","2026학년도 대입 전형 변화 분석_by 유니브클래스_from Youtibe to Gamma(PPT)_20240117.pptx",pptx,8.52,"기타",3
"/Volumes/Untitled/업로드 전/2025광주진로진학박람회_체육계열 설명회_강의자료_노동기 선생님 제공.pdf","2025광주진로진학박람회_체육계열 설명회_강의자료_노동기 선생님 제공.pdf",pdf,8.50,"기타",3
"/Volumes/Untitled/업로드 전/깊이있는 수업 소식 다함께 나누다(vol 3) 10월호.pdf","깊이있는 수업 소식 다함께 나누다(vol 3) 10월호.pdf",pdf,8.50,"기타",3
"/Volumes/Untitled/업로드 전/Sam Altman Thinks-We Need To Change Our Social Contract_인공지능 시대의 사회 계약 변화_from Youtube to Gamma_20250205.pdf","Sam Altman Thinks-We Need To Change Our Social Contract_인공지능 시대의 사회 계약 변화_from Youtube to Gamma_20250205.pdf",pdf,8.41,"기타",3
"/Volumes/Untitled/업로드 전/인류와 AI의 결합이 가져올 소름 끼치는 미래_by 선명한 지구인 with 레이 커즈와일_from Youtube to Gamma_20250621.pdf","인류와 AI의 결합이 가져올 소름 끼치는 미래_by 선명한 지구인 with 레이 커즈와일_from Youtube to Gamma_20250621.pdf",pdf,8.38,"기타",3
"/Volumes/Untitled/업로드 전/[충청남도교육청] 2026학년도 제시문기반 면접대비 자료집(수학).pdf","[충청남도교육청] 2026학년도 제시문기반 면접대비 자료집(수학).pdf",pdf,8.35,"기타",3
"/Volumes/Untitled/업로드 전/2025 디지털 튜터 업무길라잡이.pdf","2025 디지털 튜터 업무길라잡이.pdf",pdf,8.32,"기타",3
"/Volumes/Untitled/업로드 전/독서 방법론 과외식 설명 자료.pdf","독서 방법론 과외식 설명 자료.pdf",pdf,8.32,"기타",3
"/Volumes/Untitled/업로드 전/2025 KB골든라이프 보고서.pdf","2025 KB골든라이프 보고서.pdf",pdf,8.22,"기타",3
"/Volumes/Untitled/업로드 전/우리몸모형자료모음집(웹용).pdf","우리몸모형자료모음집(웹용).pdf",pdf,8.18,"기타",3
"/Volumes/Untitled/업로드 전/2026 체육대학 입시의 이해 및 준비 방법-부산교육청 최종(배포용).pdf","2026 체육대학 입시의 이해 및 준비 방법-부산교육청 최종(배포용).pdf",pdf,8.14,"기타",3
"/Volumes/Untitled/업로드 전/서울대생이 추천하는 '중·고등학교 때 꼭 읽어보면 좋을 책_by 스튜디오S_from Youtube to Gamma_20240827.pdf","서울대생이 추천하는 '중·고등학교 때 꼭 읽어보면 좋을 책_by 스튜디오S_from Youtube to Gamma_20240827.pdf",pdf,8.12,"기타",3
"/Volumes/Untitled/업로드 전/2025학년도 고등학교 학교생활기록부 기재요령 주요 개정사항(강진고 이승미).pptx","2025학년도 고등학교 학교생활기록부 기재요령 주요 개정사항(강진고 이승미).pptx",pptx,8.09,"기타",3
"/Volumes/Untitled/업로드 전/김영일교육컨설팅 2026 수시배치표(자연2면).pdf","김영일교육컨설팅 2026 수시배치표(자연2면).pdf",pdf,8.05,"기타",3
"/Volumes/Untitled/업로드 전/대학교육 9 대학교육지 224호_대학의 관점에서 보는 2028 대입제도_김경범 서울대학교 서어서문학과 기금교수_20240401.pdf","대학교육 9 대학교육지 224호_대학의 관점에서 보는 2028 대입제도_김경범 서울대학교 서어서문학과 기금교수_20240401.pdf",pdf,8.00,"기타",3
"/Volumes/Untitled/업로드 전/대학입학 용어사전.pdf","대학입학 용어사전.pdf",pdf,7.91,"기타",3
"/Volumes/Untitled/업로드 전/외국보다 더 멋진 대한민국 여행지 5곳_by 여행 브로셔_from Youtube to Gamma_20230507.pdf","외국보다 더 멋진 대한민국 여행지 5곳_by 여행 브로셔_from Youtube to Gamma_20230507.pdf",pdf,7.81,"기타",3
"/Volumes/Untitled/업로드 전/49. 도심의 변화에 따른 기존학교(중학교) 균형 배치 연구.pdf","49. 도심의 변화에 따른 기존학교(중학교) 균형 배치 연구.pdf",pdf,7.80,"기타",3
"/Volumes/Untitled/업로드 전/붙임_5극3특 국가균형성장 추진전략 설계도안(요약+전체) (1).hwp","붙임_5극3특 국가균형성장 추진전략 설계도안(요약+전체) (1).hwp",hwp,7.80,"기타",3
"/Volumes/Untitled/업로드 전/(C강좌 2차시) 2026 대입전형의 이해와 지원전략(상반기진학지도역량연수).pdf","(C강좌 2차시) 2026 대입전형의 이해와 지원전략(상반기진학지도역량연수).pdf",pdf,7.74,"기타",3
"/Volumes/Untitled/업로드 전/3_v0721_바이오리포트_빅데이터_최종.pdf","3_v0721_바이오리포트_빅데이터_최종.pdf",pdf,7.74,"기타",3
"/Volumes/Untitled/업로드 전/서울대 학생들의 과탐 선택 가이드_by 스튜디오 샤_from Youtube to Gamma_20250218.pdf","서울대 학생들의 과탐 선택 가이드_by 스튜디오 샤_from Youtube to Gamma_20250218.pdf",pdf,7.65,"기타",3
"/Volumes/Untitled/업로드 전/교과서를 활용한 탐구활동.pdf","교과서를 활용한 탐구활동.pdf",pdf,7.58,"기타",3
"/Volumes/Untitled/업로드 전/생성형 AI의 발달이 대학 전공에 미치는 영향_by 미래채널 MyF_from Youtube to Gamma_20250614.pdf","생성형 AI의 발달이 대학 전공에 미치는 영향_by 미래채널 MyF_from Youtube to Gamma_20250614.pdf",pdf,7.49,"기타",3
"/Volumes/Untitled/업로드 전/면접특강 by 상근쌤.pdf","면접특강 by 상근쌤.pdf",pdf,7.47,"기타",3
"/Volumes/Untitled/업로드 전/서울대 학생들의 과탐 선택 가이드_by 스튜디오 샤_from Youtube to Gamma(PPT)_20250218.pptx","서울대 학생들의 과탐 선택 가이드_by 스튜디오 샤_from Youtube to Gamma(PPT)_20250218.pptx",pptx,7.43,"기타",3
"/Volumes/Untitled/업로드 전/(250422)2025. 학교생활기록부 기재 역량강화 연수 강의원고(중마고_박서영).pdf","(250422)2025. 학교생활기록부 기재 역량강화 연수 강의원고(중마고_박서영).pdf",pdf,7.42,"기타",3
"/Volumes/Untitled/업로드 전/2026 알토란! 수시대박 입맞춤(기본편 in 서울권)(20240903)(완료)-2.pdf","2026 알토란! 수시대박 입맞춤(기본편 in 서울권)(20240903)(완료)-2.pdf",pdf,7.38,"기타",3
"/Volumes/Untitled/업로드 전/3. (교사용)2026 대입 수시모집 미술계열 분석과 전략.pdf","3. (교사용)2026 대입 수시모집 미술계열 분석과 전략.pdf",pdf,7.34,"기타",3
"/Volumes/Untitled/업로드 전/[고등학교][신입생]고교학점제와 학생부 차별화 전략_학남고 은동현(배포용).pdf","[고등학교][신입생]고교학점제와 학생부 차별화 전략_학남고 은동현(배포용).pdf",pdf,7.33,"기타",3
"/Volumes/Untitled/업로드 전/인천광역시교육청_키워드로 대비하는 학생부종합전형_26개 분야 핵심 키워드_ Gamma 피상훈 소장.pdf","인천광역시교육청_키워드로 대비하는 학생부종합전형_26개 분야 핵심 키워드_ Gamma 피상훈 소장.pdf",pdf,7.33,"기타",3
"/Volumes/Untitled/업로드 전/2025 대학별 논술 문항 분석 및 지원 전략 I_경기교육청_20250817.pdf","2025 대학별 논술 문항 분석 및 지원 전략 I_경기교육청_20250817.pdf",pdf,7.30,"기타",3
"/Volumes/Untitled/업로드 전/2025 찾아가는 학부모 고입진로설명회 자료집(게시용).pdf","2025 찾아가는 학부모 고입진로설명회 자료집(게시용).pdf",pdf,7.24,"기타",3
"/Volumes/Untitled/업로드 전/(홈페이지탑재)서울 중학교 학생 학부모 대상 고교학점제 설명회.pdf","(홈페이지탑재)서울 중학교 학생 학부모 대상 고교학점제 설명회.pdf",pdf,7.22,"기타",3
"/Volumes/Untitled/업로드 전/붙임_5극3특 국가균형성장 추진전략 설계도안(요약+전체) (1).hwpx","붙임_5극3특 국가균형성장 추진전략 설계도안(요약+전체) (1).hwpx",hwpx,7.18,"기타",3
"/Volumes/Untitled/업로드 전/(강의1) 2028 대입개편안에 따른 진로진학설계.pdf","(강의1) 2028 대입개편안에 따른 진로진학설계.pdf",pdf,7.14,"기타",3
"/Volumes/Untitled/업로드 전/57번 샘플_공통수학1 중간 서술형 교재 '주도권'.pdf","57번 샘플_공통수학1 중간 서술형 교재 '주도권'.pdf",pdf,7.12,"기타",3
"/Volumes/Untitled/업로드 전/2. (학생학부모용) 2025 대입 수시모집 결과 및 2026 대입 수시모집의 방향.pdf","2. (학생학부모용) 2025 대입 수시모집 결과 및 2026 대입 수시모집의 방향.pdf",pdf,7.08,"기타",3
"/Volumes/Untitled/업로드 전/3_쎈(SEN)진학 2026 대입 수시 대학별 분석Ⅱ(수도권_국가거점국립대).pdf","3_쎈(SEN)진학 2026 대입 수시 대학별 분석Ⅱ(수도권_국가거점국립대).pdf",pdf,7.07,"기타",3
"/Volumes/Untitled/업로드 전/1_쎈(SEN)진학 2026 대입 수시 진학지도 길잡이(총론).pdf","1_쎈(SEN)진학 2026 대입 수시 진학지도 길잡이(총론).pdf",pdf,6.97,"기타",3
"/Volumes/Untitled/업로드 전/12. 수능연계_2026학년도_EBS수능특강_영어독해연습_어휘List+Test.Zip","12. 수능연계_2026학년도_EBS수능특강_영어독해연습_어휘List+Test.Zip",zip,6.92,"기타",3
"/Volumes/Untitled/업로드 전/2025~2021_수시입시결과_대교협발표추가(배포용)_250724.xlsx","2025~2021_수시입시결과_대교협발표추가(배포용)_250724.xlsx",xlsx,6.90,"기타",3
"/Volumes/Untitled/업로드 전/[IT&Future_Strategy_2025-5]_글로벌_AI∙디지털_혁신_사례로_본_국내_기업_AX_전략.pdf","[IT&Future_Strategy_2025-5]_글로벌_AI∙디지털_혁신_사례로_본_국내_기업_AX_전략.pdf",pdf,6.86,"기타",3
"/Volumes/Untitled/업로드 전/(C강좌 1차시) 고교학점제에 따른 선택과목 지도 방안.pdf","(C강좌 1차시) 고교학점제에 따른 선택과목 지도 방안.pdf",pdf,6.82,"기타",3
"/Volumes/Untitled/업로드 전/2026정시파노라마_인천교육청.pdf","2026정시파노라마_인천교육청.pdf",pdf,6.82,"기타",3
"/Volumes/Untitled/업로드 전/[인천시교육청] 2026학년도 대입 정시파노라마.pdf","[인천시교육청] 2026학년도 대입 정시파노라마.pdf",pdf,6.82,"기타",3
"/Volumes/Untitled/업로드 전/김영일교육컨설팅 2026학년도 수시 배치표.pdf","김영일교육컨설팅 2026학년도 수시 배치표.pdf",pdf,6.81,"기타",3
"/Volumes/Untitled/업로드 전/[교육부] 진로연계교육 설계를 위한 디딤돌안내서 (중학교).pdf","[교육부] 진로연계교육 설계를 위한 디딤돌안내서 (중학교).pdf",pdf,6.74,"기타",3
"/Volumes/Untitled/업로드 전/내년 교육계를 좌우할 6가지 핵심 키워드와 교육 변화의 맥락_by 교육대기자TV_from Lilys to Gemini Canvas_20251211.pptx","내년 교육계를 좌우할 6가지 핵심 키워드와 교육 변화의 맥락_by 교육대기자TV_from Lilys to Gemini Canvas_20251211.pptx",pptx,6.73,"기타",3
"/Volumes/Untitled/업로드 전/2024 학부모 질문·진학 Q&A 100선 요약_1장 2022 개정 교육과정 및 정책_by 세종특별자치시교육청 진로교육원_from PDF to Gamma.pdf","2024 학부모 질문·진학 Q&A 100선 요약_1장 2022 개정 교육과정 및 정책_by 세종특별자치시교육청 진로교육원_from PDF to Gamma.pdf",pdf,6.70,"기타",3
"/Volumes/Untitled/업로드 전/고2 독서 by 밋mit.pdf","고2 독서 by 밋mit.pdf",pdf,6.70,"기타",3
"/Volumes/Untitled/업로드 전/[교육부] 진로연계교육 설계를 위한 디딤돌안내서 (고등학교).pdf","[교육부] 진로연계교육 설계를 위한 디딤돌안내서 (고등학교).pdf",pdf,6.69,"기타",3
"/Volumes/Untitled/업로드 전/[자료 1]2025년 연간 도서판매 동향 및 베스트셀러 분석.pdf","[자료 1]2025년 연간 도서판매 동향 및 베스트셀러 분석.pdf",pdf,6.68,"기타",3
"/Volumes/Untitled/업로드 전/[광주시교육청] 빛고을 진로학업설계서 (2025).pdf","[광주시교육청] 빛고을 진로학업설계서 (2025).pdf",pdf,6.61,"기타",3
"/Volumes/Untitled/업로드 전/4_v0721_바이오리포트_인체건강_최종.pdf","4_v0721_바이오리포트_인체건강_최종.pdf",pdf,6.57,"기타",3
"/Volumes/Untitled/업로드 전/2026 대입 수시 합격드림 설명회_ 2부_ 상문고_박창욱선생님.pdf","2026 대입 수시 합격드림 설명회_ 2부_ 상문고_박창욱선생님.pdf",pdf,6.56,"기타",3
"/Volumes/Untitled/업로드 전/(원고) 2026~2027 대입전형의 이해와 효율적인 지도 방안(숭의여교-정제원) (1).pdf","(원고) 2026~2027 대입전형의 이해와 효율적인 지도 방안(숭의여교-정제원) (1).pdf",pdf,6.45,"기타",3
"/Volumes/Untitled/업로드 전/2024~2020_5개년_수시입시결과_대교협 발표자료기준(밴드용)_240816.xlsx","2024~2020_5개년_수시입시결과_대교협 발표자료기준(밴드용)_240816.xlsx",xlsx,6.42,"기타",3
"/Volumes/Untitled/업로드 전/빅뱅에서 고대 문명까지_지구와 인류의 초기 역사 개관_by 쏨작가의 지식사전_from Youtube to Gamma_20200929.pdf","빅뱅에서 고대 문명까지_지구와 인류의 초기 역사 개관_by 쏨작가의 지식사전_from Youtube to Gamma_20200929.pdf",pdf,6.38,"기타",3
"/Volumes/Untitled/업로드 전/[경상남도교육청] 학점기반 교육과정 설계운영을 위한 연수자료 (2025).pdf","[경상남도교육청] 학점기반 교육과정 설계운영을 위한 연수자료 (2025).pdf",pdf,6.35,"기타",3
"/Volumes/Untitled/업로드 전/4. (조만기) 2026 농어촌(전남교육청).pptx","4. (조만기) 2026 농어촌(전남교육청).pptx",pptx,6.30,"기타",3
"/Volumes/Untitled/업로드 전/쎈(SEN)진학 2026 정시 대학별분석2 국가거점국립대학교 책갈피 추가 by 훈선생.pdf","쎈(SEN)진학 2026 정시 대학별분석2 국가거점국립대학교 책갈피 추가 by 훈선생.pdf",pdf,6.25,"기타",3
"/Volumes/Untitled/업로드 전/[2026학년도][인피니트수학연구소][대학수학능력시험 분석지].pdf","[2026학년도][인피니트수학연구소][대학수학능력시험 분석지].pdf",pdf,6.20,"기타",3
"/Volumes/Untitled/업로드 전/2025 중등 논술형 평가 길라잡이.pdf","2025 중등 논술형 평가 길라잡이.pdf",pdf,6.16,"기타",3
"/Volumes/Untitled/업로드 전/최종 수능대비 수1수2확통 기본공식.pdf","최종 수능대비 수1수2확통 기본공식.pdf",pdf,6.13,"기타",3
"/Volumes/Untitled/업로드 전/2028 대입 개편 체제 분석 및 영역별 학습 전략(통합)_by EBSi_20250121.pptx","2028 대입 개편 체제 분석 및 영역별 학습 전략(통합)_by EBSi_20250121.pptx",pptx,6.12,"기타",3
"/Volumes/Untitled/업로드 전/[세종시교육청] 2024 보인다 9.0 대학 전공학과 길라잡이.pdf","[세종시교육청] 2024 보인다 9.0 대학 전공학과 길라잡이.pdf",pdf,6.09,"기타",3
"/Volumes/Untitled/업로드 전/초등 국어 공부법 민성원.pdf","초등 국어 공부법 민성원.pdf",pdf,6.09,"기타",3
"/Volumes/Untitled/업로드 전/9_v0721_바이오리포트_기타_최종.pdf","9_v0721_바이오리포트_기타_최종.pdf",pdf,6.07,"기타",3
"/Volumes/Untitled/업로드 전/예비중1학부모설명회.pptx","예비중1학부모설명회.pptx",pptx,6.07,"기타",3
"/Volumes/Untitled/업로드 전/2026_수시_요강정보(배포용)_250807.xlsx","2026_수시_요강정보(배포용)_250807.xlsx",xlsx,6.01,"기타",3
"/Volumes/Untitled/업로드 전/2025학년도 2022 개정 교육과정 선택 과목 안내서 PPT용 글꼴.zip","2025학년도 2022 개정 교육과정 선택 과목 안내서 PPT용 글꼴.zip",zip,6.00,"기타",3
"/Volumes/Untitled/업로드 전/펜을 만드는 학원_0215_2024.docx","펜을 만드는 학원_0215_2024.docx",docx,6.00,"기타",3
"/Volumes/Untitled/업로드 전/20250926_edusky_databook.pdf","20250926_edusky_databook.pdf",pdf,5.96,"기타",3
"/Volumes/Untitled/업로드 전/이세돌 전 바둑기사_인공지능도 이기는 멘탈 갖추는 법_by 지식인사이드_from Youtube to Gamma_20250118.pdf","이세돌 전 바둑기사_인공지능도 이기는 멘탈 갖추는 법_by 지식인사이드_from Youtube to Gamma_20250118.pdf",pdf,5.96,"기타",3
"/Volumes/Untitled/업로드 전/워크북_시즌5.pdf","워크북_시즌5.pdf",pdf,5.86,"기타",3
"/Volumes/Untitled/업로드 전/2025학년도 예비 고1 학부모 대상 고등학교 교육과정 및 고교학점제 연수 자료_부산진고 이창현 교사_부산광역시교육청 고교학점제 지원센터.pdf","2025학년도 예비 고1 학부모 대상 고등학교 교육과정 및 고교학점제 연수 자료_부산진고 이창현 교사_부산광역시교육청 고교학점제 지원센터.pdf",pdf,5.84,"기타",3
"/Volumes/Untitled/업로드 전/[서울]2025학년도 2022 개정 교육과정 선택 과목 안내서(낱장)_(250529).pdf","[서울]2025학년도 2022 개정 교육과정 선택 과목 안내서(낱장)_(250529).pdf",pdf,5.84,"기타",3
"/Volumes/Untitled/업로드 전/AI 인재 양성 정책과 학원의 AI 대응 기회 창출 전략 리포트.pdf","AI 인재 양성 정책과 학원의 AI 대응 기회 창출 전략 리포트.pdf",pdf,5.72,"기타",3
"/Volumes/Untitled/업로드 전/[도교육청]2026. 면접자료 정리해DREAM.pdf","[도교육청]2026. 면접자료 정리해DREAM.pdf",pdf,5.66,"기타",3
"/Volumes/Untitled/업로드 전/2022개정 한눈에 보는 진로 자료 모음집(중고공통).pdf","2022개정 한눈에 보는 진로 자료 모음집(중고공통).pdf",pdf,5.63,"기타",3
"/Volumes/Untitled/업로드 전/22개정_중학 국어1_토의토론배움깊이더하기자료집(교사용).pdf","22개정_중학 국어1_토의토론배움깊이더하기자료집(교사용).pdf",pdf,5.62,"기타",3
"/Volumes/Untitled/업로드 전/(D강좌 1차시) 2028학년도 대입제도 개편의 이해와 준비.pdf","(D강좌 1차시) 2028학년도 대입제도 개편의 이해와 준비.pdf",pdf,5.61,"기타",3
"/Volumes/Untitled/업로드 전/2024 통일의식 조사_서울대학교 통일평화연구원_20241130.pdf","2024 통일의식 조사_서울대학교 통일평화연구원_20241130.pdf",pdf,5.54,"기타",3
"/Volumes/Untitled/업로드 전/2025년 신입생 학부모를 위한 고등학교 안내서_경기도교육청.pdf","2025년 신입생 학부모를 위한 고등학교 안내서_경기도교육청.pdf",pdf,5.50,"기타",3
"/Volumes/Untitled/업로드 전/(강좌3) 어디가를 활용한 진로진학설계 방안.pdf","(강좌3) 어디가를 활용한 진로진학설계 방안.pdf",pdf,5.48,"기타",3
"/Volumes/Untitled/업로드 전/(강좌3) 어디가를 활용한 진로진학설계 방안_울산광역시교육청.pdf","(강좌3) 어디가를 활용한 진로진학설계 방안_울산광역시교육청.pdf",pdf,5.48,"기타",3
"/Volumes/Untitled/업로드 전/22개정_중학 국어1_토의토론배움깊이더하기자료집(학생용).pdf","22개정_중학 국어1_토의토론배움깊이더하기자료집(학생용).pdf",pdf,5.48,"기타",3
"/Volumes/Untitled/업로드 전/최종 수능대비 수1수2미적 기본공식.pdf","최종 수능대비 수1수2미적 기본공식.pdf",pdf,5.40,"기타",3
"/Volumes/Untitled/업로드 전/[이즈유 경희대 진로진학 워크숍 자료해석 권정안].pdf","[이즈유 경희대 진로진학 워크숍 자료해석 권정안].pdf",pdf,5.37,"기타",3
"/Volumes/Untitled/업로드 전/[경기도교육청] 2025년 STUDY PLANNER 속지.zip","[경기도교육청] 2025년 STUDY PLANNER 속지.zip",zip,5.35,"기타",3
"/Volumes/Untitled/업로드 전/250617_대한민국_진짜성장을_위한_전략.pdf","250617_대한민국_진짜성장을_위한_전략.pdf",pdf,5.26,"기타",3
"/Volumes/Untitled/업로드 전/2026 정시 대학별분석3 수도권대학교 책갈피 추가 by 훈선생_압축.pdf","2026 정시 대학별분석3 수도권대학교 책갈피 추가 by 훈선생_압축.pdf",pdf,5.25,"기타",3
"/Volumes/Untitled/업로드 전/[이투스] 2026_수시DB검색_ver5.xlsb","[이투스] 2026_수시DB검색_ver5.xlsb",xlsb,5.24,"기타",3
"/Volumes/Untitled/업로드 전/강남 키즈가 말하는 학군의 중요성_by 맨스파이어_from Youtube to Gamma_20250904.pdf","강남 키즈가 말하는 학군의 중요성_by 맨스파이어_from Youtube to Gamma_20250904.pdf",pdf,5.21,"기타",3
"/Volumes/Untitled/업로드 전/김영일교육컨설팅 2026 수시배치표(인문1면).pdf","김영일교육컨설팅 2026 수시배치표(인문1면).pdf",pdf,5.18,"기타",3
"/Volumes/Untitled/업로드 전/3. 2025_전남교육청_의대전략및MMI이해(제출).pdf","3. 2025_전남교육청_의대전략및MMI이해(제출).pdf",pdf,5.14,"기타",3
"/Volumes/Untitled/업로드 전/2026 미술대학 입시의 이해와 진학 준비_부산광역시교육청.pdf","2026 미술대학 입시의 이해와 진학 준비_부산광역시교육청.pdf",pdf,5.11,"기타",3
"/Volumes/Untitled/업로드 전/[당그팀]26학년도 수능_분석본.pdf","[당그팀]26학년도 수능_분석본.pdf",pdf,5.10,"기타",3
"/Volumes/Untitled/업로드 전/주요 대학 및 학과 권장도서 모음집.pdf","주요 대학 및 학과 권장도서 모음집.pdf",pdf,5.07,"기타",3
